# boundaries version 0.1.0 (Apr 17, 2023)
# timestamp: 20230417
# --db-dir ./MetaSBT-Viruses
# --superkingdom Viruses
# --min-genomes 3
# Lineage	Clusters	References	Kmers	Min kmers	Max kmers	Min score	Max score
k__Viruses|p__Uroviricota|c__Caudoviricetes|o__Thumleimavirales|f__Hafunaviridae|g__Haloferacalesvirus|s__Haloferacalesvirus_hv5	0	4	18931	13351	16064	0.705	0.849
k__Viruses|p__Nucleocytoviricota|c__Megaviricetes|o__Imitervirales|f__Mimiviridae|g__Mimivirus|s__Acanthamoeba_polyphaga_mimivirus	0	9	74496	57710	66587	0.775	0.894
k__Viruses|p__Nucleocytoviricota|c__Megaviricetes|o__Imitervirales|f__Mimiviridae|g__Mimivirus|s__Megavirus_chiliensis	0	5	74047	56594	61494	0.764	0.83
k__Viruses|p__Nucleocytoviricota|c__Megaviricetes|o__Pimascovirales|f__Iridoviridae|g__Lymphocystivirus|s__Lymphocystis_disease_virus_1	0	4	26733	11761	15504	0.44	0.58
k__Viruses|p__Nucleocytoviricota|c__Megaviricetes|o__Pimascovirales|f__Iridoviridae|g__Ranavirus|s__Frog_virus_3	0	49	39574	15659	23230	0.396	0.587
k__Viruses|p__Nucleocytoviricota|c__Megaviricetes|o__Pimascovirales|f__Iridoviridae|g__Megalocytivirus|s__Scale_drop_disease_virus	0	3	27467	27138	27288	0.988	0.993
k__Viruses|p__Nucleocytoviricota|c__Megaviricetes|o__Pimascovirales|f__Ascoviridae|g__Ascovirus|s__Heliothis_virescens_ascovirus_3a	0	5	63842	33555	40468	0.526	0.634
k__Viruses|p__Nucleocytoviricota|c__Pokkesviricetes|o__Chitovirales|f__Poxviridae|g__Orthopoxvirus|s__Ectromelia_virus	0	4	37755	36691	37311	0.972	0.988
k__Viruses|p__Nucleocytoviricota|c__Pokkesviricetes|o__Chitovirales|f__Poxviridae|g__Orthopoxvirus|s__Vaccinia_virus	0	130	55941	26573	39163	0.475	0.7
k__Viruses|p__Nucleocytoviricota|c__Pokkesviricetes|o__Chitovirales|f__Poxviridae|g__Orthopoxvirus|s__Akhmeta_virus	0	6	42142	37544	39716	0.891	0.942
k__Viruses|p__Nucleocytoviricota|c__Pokkesviricetes|o__Chitovirales|f__Poxviridae|g__Orthopoxvirus|s__Variola_virus	0	55	37305	32953	34565	0.883	0.927
k__Viruses|p__Nucleocytoviricota|c__Pokkesviricetes|o__Chitovirales|f__Poxviridae|g__Orthopoxvirus|s__Cowpox_virus	0	92	59391	32270	41628	0.543	0.701
k__Viruses|p__Nucleocytoviricota|c__Pokkesviricetes|o__Chitovirales|f__Poxviridae|g__Orthopoxvirus|s__Monkeypox_virus	0	5179	48444	26371	37407	0.544	0.772
k__Viruses|p__Nucleocytoviricota|c__Pokkesviricetes|o__Chitovirales|f__Poxviridae|g__Orthopoxvirus|s__Camelpox_virus	0	9	37417	36390	36880	0.973	0.986
k__Viruses|p__Nucleocytoviricota|c__Pokkesviricetes|o__Chitovirales|f__Poxviridae|g__Parapoxvirus|s__Bovine_papular_stomatitis_virus	0	4	27159	22348	24032	0.823	0.885
k__Viruses|p__Nucleocytoviricota|c__Pokkesviricetes|o__Chitovirales|f__Poxviridae|g__Parapoxvirus|s__Orf_virus	0	24	42953	19707	25053	0.459	0.583
k__Viruses|p__Nucleocytoviricota|c__Pokkesviricetes|o__Chitovirales|f__Poxviridae|g__Crocodylidpoxvirus|s__Saltwater_crocodilepox_virus	0	16	35731	31215	33153	0.874	0.928
k__Viruses|p__Nucleocytoviricota|c__Pokkesviricetes|o__Chitovirales|f__Poxviridae|g__Yatapoxvirus|s__Tanapox_virus	0	3	24631	21094	22820	0.856	0.926
k__Viruses|p__Nucleocytoviricota|c__Pokkesviricetes|o__Chitovirales|f__Poxviridae|g__Leporipoxvirus|s__Myxoma_virus	0	117	49330	22814	35022	0.462	0.71
k__Viruses|p__Nucleocytoviricota|c__Pokkesviricetes|o__Chitovirales|f__Poxviridae|g__Molluscipoxvirus|s__Molluscum_contagiosum_virus	0	30	40732	25628	33272	0.629	0.817
k__Viruses|p__Nucleocytoviricota|c__Pokkesviricetes|o__Chitovirales|f__Poxviridae|g__Suipoxvirus|s__Swinepox_virus	0	7	27858	21108	23687	0.758	0.85
k__Viruses|p__Nucleocytoviricota|c__Pokkesviricetes|o__Chitovirales|f__Poxviridae|g__Capripoxvirus|s__Sheeppox_virus	0	19	22490	20925	21823	0.93	0.97
k__Viruses|p__Nucleocytoviricota|c__Pokkesviricetes|o__Chitovirales|f__Poxviridae|g__Capripoxvirus|s__Goatpox_virus	0	12	24456	20114	22117	0.822	0.904
k__Viruses|p__Nucleocytoviricota|c__Pokkesviricetes|o__Chitovirales|f__Poxviridae|g__Capripoxvirus|s__Lumpy_skin_disease_virus	0	72	25052	19745	22683	0.788	0.905
k__Viruses|p__Nucleocytoviricota|c__Pokkesviricetes|o__Chitovirales|f__Poxviridae|g__Avipoxvirus|s__Fowlpox_virus	0	33	54672	29622	44673	0.542	0.817
k__Viruses|p__Nucleocytoviricota|c__Pokkesviricetes|o__Chitovirales|f__Poxviridae|g__Avipoxvirus|s__Canarypox_virus	0	4	53805	33479	46315	0.622	0.861
k__Viruses|p__Nucleocytoviricota|c__Pokkesviricetes|o__Asfuvirales|f__Asfarviridae|g__Asfivirus|s__African_swine_fever_virus	0	200	71620	24780	39894	0.346	0.557
k__Viruses|p__Cressdnaviricota|c__Repensiviricetes|o__Geplafuvirales|f__Genomoviridae|g__Gemycircularvirus|s__Giant_panda_associated_gemycircularvirus	0	15	271	1	32	0.004	0.118
k__Viruses|p__Cressdnaviricota|c__Repensiviricetes|o__Geplafuvirales|f__Genomoviridae|g__Gemycircularvirus|s__Gemycircularvirus_sp	0	6	282	1	35	0.004	0.124
k__Viruses|p__Cressdnaviricota|c__Repensiviricetes|o__Geplafuvirales|f__Genomoviridae|g__Gemycircularvirus|s__Common_bean_associated_gemycircularvirus	0	3	23	20	23	0.87	1.0
k__Viruses|p__Cressdnaviricota|c__Repensiviricetes|o__Geplafuvirales|f__Geminiviridae|g__Begomovirus|s__Tomato_leaf_curl_Karnataka_virus	0	5	74	27	44	0.365	0.595
k__Viruses|p__Cressdnaviricota|c__Repensiviricetes|o__Geplafuvirales|f__Geminiviridae|g__Begomovirus|s__Tomato_leaf_curl_China_virus	0	4	85	20	43	0.235	0.506
k__Viruses|p__Cressdnaviricota|c__Repensiviricetes|o__Geplafuvirales|f__Geminiviridae|g__Begomovirus|s__Honeysuckle_yellow_vein_virus	0	15	298	7	44	0.023	0.148
k__Viruses|p__Cressdnaviricota|c__Repensiviricetes|o__Geplafuvirales|f__Geminiviridae|g__Begomovirus|s__Tomato_yellow_leaf_curl_China_virus	0	7	213	8	23	0.038	0.108
k__Viruses|p__Cressdnaviricota|c__Repensiviricetes|o__Geplafuvirales|f__Geminiviridae|g__Begomovirus|s__Cotton_leaf_curl_Gezira_virus	0	9	204	7	53	0.034	0.26
k__Viruses|p__Cressdnaviricota|c__Repensiviricetes|o__Geplafuvirales|f__Geminiviridae|g__Begomovirus|s__Chilli_leaf_curl_virus	0	5	245	5	25	0.02	0.102
k__Viruses|p__Cressdnaviricota|c__Repensiviricetes|o__Geplafuvirales|f__Geminiviridae|g__Begomovirus|s__Pepper_leaf_curl_Bangladesh_virus	0	3	128	15	19	0.117	0.148
k__Viruses|p__Cressdnaviricota|c__Repensiviricetes|o__Geplafuvirales|f__Geminiviridae|g__Begomovirus|s__Sweet_potato_leaf_curl_virus	0	15	358	4	35	0.011	0.098
k__Viruses|p__Cressdnaviricota|c__Repensiviricetes|o__Geplafuvirales|f__Geminiviridae|g__Begomovirus|s__Tomato_leaf_curl_Sudan_virus	0	4	175	15	33	0.086	0.189
k__Viruses|p__Cressdnaviricota|c__Repensiviricetes|o__Geplafuvirales|f__Geminiviridae|g__Begomovirus|s__Ageratum_yellow_vein_virus	0	12	362	9	39	0.025	0.108
k__Viruses|p__Cressdnaviricota|c__Repensiviricetes|o__Geplafuvirales|f__Geminiviridae|g__Begomovirus|s__Cotton_leaf_curl_Multan_virus	0	6	171	8	29	0.047	0.17
k__Viruses|p__Cressdnaviricota|c__Repensiviricetes|o__Geplafuvirales|f__Geminiviridae|g__Begomovirus|s__Papaya_leaf_curl_China_virus	0	5	158	10	29	0.063	0.184
k__Viruses|p__Cressdnaviricota|c__Repensiviricetes|o__Geplafuvirales|f__Geminiviridae|g__Begomovirus|s__Alternanthera_yellow_vein_virus	0	3	74	34	39	0.459	0.527
k__Viruses|p__Cressdnaviricota|c__Repensiviricetes|o__Geplafuvirales|f__Geminiviridae|g__Begomovirus|s__Indian_cassava_mosaic_virus	0	4	623	11	98	0.018	0.157
k__Viruses|p__Cressdnaviricota|c__Repensiviricetes|o__Geplafuvirales|f__Geminiviridae|g__Begomovirus|s__East_African_cassava_mosaic_virus	0	4	482	15	72	0.031	0.149
k__Viruses|p__Cressdnaviricota|c__Repensiviricetes|o__Geplafuvirales|f__Geminiviridae|g__Begomovirus|s__Tomato_yellow_leaf_curl_virus	0	6	185	11	32	0.059	0.173
k__Viruses|p__Cressdnaviricota|c__Repensiviricetes|o__Geplafuvirales|f__Geminiviridae|g__Begomovirus|s__Tomato_leaf_curl_Philippines_virus	0	3	112	22	41	0.196	0.366
k__Viruses|p__Cressdnaviricota|c__Repensiviricetes|o__Geplafuvirales|f__Geminiviridae|g__Begomovirus|s__Cotton_leaf_curl_Alabad_virus	0	5	121	5	30	0.041	0.248
k__Viruses|p__Cressdnaviricota|c__Repensiviricetes|o__Geplafuvirales|f__Geminiviridae|g__Begomovirus|s__Tomato_chino_La_Paz_virus	0	3	91	12	25	0.132	0.275
k__Viruses|p__Cressdnaviricota|c__Repensiviricetes|o__Geplafuvirales|f__Geminiviridae|g__Begomovirus|s__Tomato_leaf_curl_Taiwan_virus	0	4	104	21	39	0.202	0.375
k__Viruses|p__Cressdnaviricota|c__Repensiviricetes|o__Geplafuvirales|f__Geminiviridae|g__Begomovirus|s__Papaya_leaf_curl_virus	0	12	300	6	52	0.02	0.173
k__Viruses|p__Cressdnaviricota|c__Repensiviricetes|o__Geplafuvirales|f__Geminiviridae|g__Begomovirus|s__Cotton_leaf_curl_Kokhran_virus	0	3	124	23	25	0.185	0.202
k__Viruses|p__Cressdnaviricota|c__Repensiviricetes|o__Geplafuvirales|f__Geminiviridae|g__Begomovirus|s__Ageratum_enation_virus	0	3	101	19	38	0.188	0.376
k__Viruses|p__Cressdnaviricota|c__Repensiviricetes|o__Geplafuvirales|f__Geminiviridae|g__Begomovirus|s__Bhendi_yellow_vein_mosaic_virus	0	6	160	8	20	0.05	0.125
k__Viruses|p__Cressdnaviricota|c__Repensiviricetes|o__Geplafuvirales|f__Geminiviridae|g__Begomovirus|s__Tomato_leaf_curl_virus	0	5	188	3	25	0.016	0.133
k__Viruses|p__Cressdnaviricota|c__Repensiviricetes|o__Geplafuvirales|f__Geminiviridae|g__Begomovirus|s__Mesta_yellow_vein_mosaic_virus	0	3	78	6	17	0.077	0.218
k__Viruses|p__Cressdnaviricota|c__Repensiviricetes|o__Geplafuvirales|f__Geminiviridae|g__Begomovirus|s__Malvastrum_yellow_vein_virus	0	3	106	6	10	0.057	0.094
k__Viruses|p__Cressdnaviricota|c__Repensiviricetes|o__Geplafuvirales|f__Geminiviridae|g__Begomovirus|s__Tomato_leaf_curl_Bangalore_virus	0	5	120	13	34	0.108	0.283
k__Viruses|p__Cressdnaviricota|c__Repensiviricetes|o__Geplafuvirales|f__Geminiviridae|g__Begomovirus|s__Tomato_yellow_leaf_curl_Mali_virus	0	3	110	18	35	0.164	0.318
k__Viruses|p__Cressdnaviricota|c__Repensiviricetes|o__Geplafuvirales|f__Geminiviridae|g__Begomovirus|s__Tomato_chlorotic_mottle_virus	0	3	374	27	42	0.072	0.112
k__Viruses|p__Cressdnaviricota|c__Repensiviricetes|o__Geplafuvirales|f__Geminiviridae|g__Begomovirus|s__Okra_yellow_crinkle_virus	0	3	68	24	41	0.353	0.603
k__Viruses|p__Cressdnaviricota|c__Repensiviricetes|o__Geplafuvirales|f__Geminiviridae|g__Begomovirus|s__Tomato_leaf_curl_Hainan_virus	0	3	90	6	46	0.067	0.511
k__Viruses|p__Cressdnaviricota|c__Repensiviricetes|o__Geplafuvirales|f__Geminiviridae|g__Begomovirus|s__Tomato_severe_leaf_curl_virus	0	3	84	27	33	0.321	0.393
k__Viruses|p__Cressdnaviricota|c__Repensiviricetes|o__Geplafuvirales|f__Geminiviridae|g__Begomovirus|s__Hollyhock_yellow_vein_mosaic_virus	0	4	117	4	56	0.034	0.479
k__Viruses|p__Cressdnaviricota|c__Repensiviricetes|o__Geplafuvirales|f__Geminiviridae|g__Becurtovirus|s__Beet_curly_top_Iran_virus	0	4	213	30	46	0.141	0.216
k__Viruses|p__Cressdnaviricota|c__Repensiviricetes|o__Geplafuvirales|f__Geminiviridae|g__Turncurtovirus|s__Turnip_curly_top_virus	0	4	153	13	26	0.085	0.17
k__Viruses|p__Cressdnaviricota|c__Repensiviricetes|o__Geplafuvirales|f__Geminiviridae|g__Mastrevirus|s__Chickpea_chlorotic_dwarf_virus	0	5	139	7	47	0.05	0.338
k__Viruses|p__Cressdnaviricota|c__Repensiviricetes|o__Geplafuvirales|f__Geminiviridae|g__Mastrevirus|s__Panicum_streak_virus	0	9	255	6	31	0.024	0.122
k__Viruses|p__Cressdnaviricota|c__Repensiviricetes|o__Geplafuvirales|f__Geminiviridae|g__Mastrevirus|s__Wheat_dwarf_virus	0	6	128	4	31	0.031	0.242
k__Viruses|p__Cressdnaviricota|c__Repensiviricetes|o__Geplafuvirales|f__Geminiviridae|g__Mastrevirus|s__Maize_streak_virus	0	12	326	4	44	0.012	0.135
k__Viruses|p__Cressdnaviricota|c__Repensiviricetes|o__Geplafuvirales|f__Geminiviridae|g__Curtovirus|s__Beet_curly_top_virus	0	9	394	2	35	0.005	0.089
k__Viruses|p__Cressdnaviricota|c__Arfiviricetes|o__Mulpavirales|f__Nanoviridae|g__Nanovirus|s__Faba_bean_necrotic_yellows_virus	0	4	2104	553	754	0.263	0.358
k__Viruses|p__Cressdnaviricota|c__Arfiviricetes|o__Mulpavirales|f__Nanoviridae|g__Nanovirus|s__Black_medic_leaf_roll_virus	0	3	1774	382	504	0.215	0.284
k__Viruses|p__Cressdnaviricota|c__Arfiviricetes|o__Mulpavirales|f__Nanoviridae|g__Babuvirus|s__Banana_bunchy_top_virus	0	126	3052	157	612	0.051	0.201
k__Viruses|p__Cressdnaviricota|c__Arfiviricetes|o__Cremevirales|f__Smacoviridae|g__Porprismacovirus|s__Porcine_associated_porprismacovirus	0	10	426	1	11	0.002	0.026
k__Viruses|p__Cressdnaviricota|c__Arfiviricetes|o__Cremevirales|f__Smacoviridae|g__Porprismacovirus|s__Chimpanzee_stool_associated_circular_ssDNA_virus	0	4	93	6	45	0.065	0.484
k__Viruses|p__Cressdnaviricota|c__Arfiviricetes|o__Cremevirales|f__Smacoviridae|g__Drosmacovirus|s__Pig_stool_associated_circular_ssDNA_virus	0	8	57	18	35	0.316	0.614
k__Viruses|p__Cressdnaviricota|c__Arfiviricetes|o__Cremevirales|f__Smacoviridae|g__Huchismacovirus|s__Human_smacovirus_1	0	19	281	1	65	0.004	0.231
k__Viruses|p__Cressdnaviricota|c__Arfiviricetes|o__Cremevirales|f__Smacoviridae|g__Huchismacovirus|s__Chicken_associated_smacovirus	0	6	149	1	35	0.007	0.235
k__Viruses|p__Cressdnaviricota|c__Arfiviricetes|o__Cirlivirales|f__Vilyaviridae|g__Glamdringvirus|s__Rodent_stool_associated_circular_genome_virus	0	17	428	1	109	0.002	0.255
k__Viruses|p__Cressdnaviricota|c__Arfiviricetes|o__Cirlivirales|f__Circoviridae|g__Cyclovirus|s__Duck_associated_cyclovirus_1	0	5	34	21	29	0.618	0.853
k__Viruses|p__Cressdnaviricota|c__Arfiviricetes|o__Cirlivirales|f__Circoviridae|g__Circovirus|s__Porcine_circovirus_type_1_2a	0	3	23	23	23	1.0	1.0
k__Viruses|p__Cressdnaviricota|c__Arfiviricetes|o__Cirlivirales|f__Circoviridae|g__Circovirus|s__Starling_circovirus	0	3	66	44	55	0.667	0.833
k__Viruses|p__Cressdnaviricota|c__Arfiviricetes|o__Cirlivirales|f__Circoviridae|g__Circovirus|s__Anguilla_anguilla_circovirus	0	4	122	4	20	0.033	0.164
k__Viruses|p__Cressdnaviricota|c__Arfiviricetes|o__Cirlivirales|f__Circoviridae|g__Circovirus|s__Mink_circovirus	0	8	40	35	40	0.875	1.0
k__Viruses|p__Cressdnaviricota|c__Arfiviricetes|o__Cirlivirales|f__Circoviridae|g__Circovirus|s__Canine_circovirus	0	80	280	3	45	0.011	0.161
k__Viruses|p__Cressdnaviricota|c__Arfiviricetes|o__Cirlivirales|f__Circoviridae|g__Circovirus|s__Porcine_circovirus_like_virus_P1	0	16	3	1	1	0.333	0.333
k__Viruses|p__Cressdnaviricota|c__Arfiviricetes|o__Cirlivirales|f__Circoviridae|g__Circovirus|s__Zebra_finch_circovirus	0	6	108	22	43	0.204	0.398
k__Viruses|p__Cressdnaviricota|c__Arfiviricetes|o__Cirlivirales|f__Circoviridae|g__Circovirus|s__Circovirus_sp	0	14	436	1	38	0.002	0.087
k__Viruses|p__Cressdnaviricota|c__Arfiviricetes|o__Cirlivirales|f__Circoviridae|g__Circovirus|s__Gull_circovirus	0	5	72	50	63	0.694	0.875
k__Viruses|p__Cressdnaviricota|c__Arfiviricetes|o__Cirlivirales|f__Circoviridae|g__Circovirus|s__Porcine_circovirus_1	0	64	91	9	32	0.099	0.352
k__Viruses|p__Cressdnaviricota|c__Arfiviricetes|o__Cirlivirales|f__Circoviridae|g__Circovirus|s__Goose_circovirus	0	69	151	1	33	0.007	0.219
k__Viruses|p__Cressdnaviricota|c__Arfiviricetes|o__Cirlivirales|f__Circoviridae|g__Circovirus|s__Beak_and_feather_disease_virus	0	419	1002	3	148	0.003	0.148
k__Viruses|p__Cressdnaviricota|c__Arfiviricetes|o__Cirlivirales|f__Circoviridae|g__Circovirus|s__Porcine_circovirus_3	0	243	181	4	41	0.022	0.227
k__Viruses|p__Cressdnaviricota|c__Arfiviricetes|o__Cirlivirales|f__Circoviridae|g__Circovirus|s__Bat_circovirus	0	31	990	1	60	0.001	0.061
k__Viruses|p__Cressdnaviricota|c__Arfiviricetes|o__Cirlivirales|f__Circoviridae|g__Circovirus|s__Porcine_circovirus	0	9	77	17	35	0.221	0.455
k__Viruses|p__Artverviricota|c__Revtraviricetes|o__Ortervirales|f__Caulimoviridae|g__Badnavirus|s__Dioscorea_bacilliform_virus	0	3	1015	10	28	0.01	0.028
k__Viruses|p__Artverviricota|c__Revtraviricetes|o__Ortervirales|f__Retroviridae|g__Lentivirus|s__Human_immunodeficiency_virus	0	5	2245	28	229	0.012	0.102
k__Viruses|p__Artverviricota|c__Revtraviricetes|o__Ortervirales|f__Retroviridae|g__Lentivirus|s__Human_immunodeficiency_virus_1	0	495	27453	17	1173	0.001	0.043
k__Viruses|p__Artverviricota|c__Revtraviricetes|o__Ortervirales|f__Retroviridae|g__Lentivirus|s__Human_immunodeficiency_virus_2	0	39	12114	38	974	0.003	0.08
k__Viruses|p__Artverviricota|c__Revtraviricetes|o__Blubervirales|f__Hepadnaviridae|g__Orthohepadnavirus|s__Hepatitis_B_virus	0	62	733	3	60	0.004	0.082
k__Viruses|p__Artverviricota|c__Revtraviricetes|o__Blubervirales|f__Hepadnaviridae|g__Orthohepadnavirus|s__Roundleaf_bat_hepatitis_B_virus	0	3	133	12	58	0.09	0.436
k__Viruses|p__Taleaviricota|c__Tokiviricetes|o__Ligamenvirales|f__Rudiviridae|g__Usarudivirus|s__Sulfolobus_islandicus_rod_shaped_virus	0	3	9176	4603	4961	0.502	0.541
k__Viruses|p__Duplornaviricota|c__Vidaverviricetes|o__Mindivirales|f__Cystoviridae|g__Cystovirus|s__Cystovirus_phi6	0	4	1011	912	941	0.902	0.931
k__Viruses|p__Preplasmiviricota|c__Tectiliviricetes|o__Rowavirales|f__Adenoviridae|g__Atadenovirus|s__Duck_atadenovirus_A	0	10	5670	3713	4579	0.655	0.808
k__Viruses|p__Preplasmiviricota|c__Tectiliviricetes|o__Rowavirales|f__Adenoviridae|g__Mastadenovirus|s__Ovine_mastadenovirus_A	0	3	5125	4170	4635	0.814	0.904
k__Viruses|p__Preplasmiviricota|c__Tectiliviricetes|o__Rowavirales|f__Adenoviridae|g__Mastadenovirus|s__Bat_mastadenovirus	0	3	13144	486	1442	0.037	0.11
k__Viruses|p__Preplasmiviricota|c__Tectiliviricetes|o__Rowavirales|f__Adenoviridae|g__Mastadenovirus|s__Human_adenovirus_sp	0	24	19570	474	5468	0.024	0.279
k__Viruses|p__Preplasmiviricota|c__Tectiliviricetes|o__Rowavirales|f__Adenoviridae|g__Aviadenovirus|s__Fowl_adenovirus	0	6	12963	2	6685	0.0	0.516
k__Viruses|p__Pisuviricota|c__Duplopiviricetes|o__Durnavirales|f__Partitiviridae|g__Alphapartitivirus|s__Vicia_cryptic_virus	0	5	130	91	99	0.7	0.762
k__Viruses|p__Pisuviricota|c__Pisoniviricetes|o__Picornavirales|f__Picornaviridae|g__Rosavirus|s__Rosavirus_C	0	3	1256	39	96	0.031	0.076
k__Viruses|p__Pisuviricota|c__Pisoniviricetes|o__Picornavirales|f__Picornaviridae|g__Kobuvirus|s__Aichivirus_B	0	3	1114	28	34	0.025	0.031
k__Viruses|p__Pisuviricota|c__Pisoniviricetes|o__Picornavirales|f__Picornaviridae|g__Kobuvirus|s__Aichivirus_A	0	9	2716	11	486	0.004	0.179
k__Viruses|p__Pisuviricota|c__Pisoniviricetes|o__Picornavirales|f__Picornaviridae|g__Rabovirus|s__Rabovirus_A	0	3	1127	27	52	0.024	0.046
k__Viruses|p__Pisuviricota|c__Pisoniviricetes|o__Picornavirales|f__Picornaviridae|g__Pasivirus|s__Pasivirus_A	0	6	1391	16	45	0.012	0.032
k__Viruses|p__Pisuviricota|c__Pisoniviricetes|o__Picornavirales|f__Picornaviridae|g__Aphthovirus|s__Foot_and_mouth_disease_virus	0	8	2177	19	116	0.009	0.053
k__Viruses|p__Pisuviricota|c__Pisoniviricetes|o__Picornavirales|f__Picornaviridae|g__Aphthovirus|s__Bovine_rhinitis_B_virus	0	5	1389	20	47	0.014	0.034
k__Viruses|p__Pisuviricota|c__Pisoniviricetes|o__Picornavirales|f__Picornaviridae|g__Enterovirus|s__Enterovirus_E	0	3	824	6	11	0.007	0.013
k__Viruses|p__Pisuviricota|c__Pisoniviricetes|o__Picornavirales|f__Picornaviridae|g__Sicinivirus|s__Sicinivirus_sp	0	3	1171	30	48	0.026	0.041
k__Viruses|p__Pisuviricota|c__Pisoniviricetes|o__Picornavirales|f__Picornaviridae|g__Sicinivirus|s__Sicinivirus_A	0	6	2199	15	288	0.007	0.131
k__Viruses|p__Pisuviricota|c__Pisoniviricetes|o__Picornavirales|f__Secoviridae|g__Nepovirus|s__Potato_virus_B	0	3	1726	5	104	0.003	0.06
k__Viruses|p__Pisuviricota|c__Pisoniviricetes|o__Picornavirales|f__Caliciviridae|g__Norovirus|s__Norwalk_virus	0	24	6255	1	363	0.0	0.058
k__Viruses|p__Pisuviricota|c__Pisoniviricetes|o__Sobelivirales|f__Solemoviridae|g__Enamovirus|s__Grapevine_enamovirus_1	0	3	358	56	168	0.156	0.469
k__Viruses|p__Pisuviricota|c__Pisoniviricetes|o__Sobelivirales|f__Solemoviridae|g__Polerovirus|s__Pepper_vein_yellows_virus	0	3	426	104	160	0.244	0.376
k__Viruses|p__Pisuviricota|c__Pisoniviricetes|o__Nidovirales|f__Coronaviridae|g__Alphacoronavirus|s__Alphacoronavirus_sp	0	3	10149	611	722	0.06	0.071
k__Viruses|p__Pisuviricota|c__Pisoniviricetes|o__Nidovirales|f__Coronaviridae|g__Alphacoronavirus|s__Porcine_epidemic_diarrhea_virus	0	44	5162	2521	3750	0.488	0.726
k__Viruses|p__Pisuviricota|c__Stelpaviricetes|o__Stellavirales|f__Astroviridae|g__Mamastrovirus|s__Mamastrovirus_13	0	3	436	10	209	0.023	0.479
k__Viruses|p__Pisuviricota|c__Stelpaviricetes|o__Patatavirales|f__Potyviridae|g__Potyvirus|s__Potato_virus_Y	0	6	1925	64	406	0.033	0.211
k__Viruses|p__Pisuviricota|c__Stelpaviricetes|o__Patatavirales|f__Potyviridae|g__Potyvirus|s__Plum_pox_virus	0	11	2593	25	547	0.01	0.211
k__Viruses|p__Pisuviricota|c__Stelpaviricetes|o__Patatavirales|f__Potyviridae|g__Potyvirus|s__Bean_common_mosaic_virus	0	3	1784	107	117	0.06	0.066
k__Viruses|p__Negarnaviricota|c__Ellioviricetes|o__Bunyavirales|f__Peribunyaviridae|g__Orthobunyavirus|s__Wyeomyia_orthobunyavirus	0	4	2410	403	1323	0.167	0.549
k__Viruses|p__Negarnaviricota|c__Monjiviricetes|o__Mononegavirales|f__Paramyxoviridae|g__Respirovirus|s__Human_respirovirus_3	0	3	2925	1011	1206	0.346	0.412
k__Viruses|p__Negarnaviricota|c__Monjiviricetes|o__Mononegavirales|f__Paramyxoviridae|g__Henipavirus|s__Nipah_henipavirus	0	14	3461	781	2019	0.226	0.583
k__Viruses|p__Negarnaviricota|c__Monjiviricetes|o__Mononegavirales|f__Rhabdoviridae|g__Sprivivirus|s__Sprivivirus_esox	0	3	1923	68	97	0.035	0.05
k__Viruses|p__Negarnaviricota|c__Monjiviricetes|o__Mononegavirales|f__Rhabdoviridae|g__Lyssavirus|s__Lyssavirus_bokeloh	0	5	1437	318	850	0.221	0.592
k__Viruses|p__Negarnaviricota|c__Monjiviricetes|o__Mononegavirales|f__Rhabdoviridae|g__Lyssavirus|s__Lyssavirus_rabies	0	49	5556	123	847	0.022	0.152
k__Viruses|p__Negarnaviricota|c__Monjiviricetes|o__Mononegavirales|f__Pneumoviridae|g__Metapneumovirus|s__Human_metapneumovirus	0	5	3574	214	1139	0.06	0.319
k__Viruses|p__Negarnaviricota|c__Monjiviricetes|o__Mononegavirales|f__Pneumoviridae|g__Orthopneumovirus|s__Murine_orthopneumovirus	0	3	1930	769	1285	0.398	0.666
k__Viruses|p__Negarnaviricota|c__Monjiviricetes|o__Mononegavirales|f__Pneumoviridae|g__Orthopneumovirus|s__Bovine_orthopneumovirus	0	3	3244	332	1741	0.102	0.537
k__Viruses|p__Negarnaviricota|c__Monjiviricetes|o__Mononegavirales|f__Pneumoviridae|g__Orthopneumovirus|s__Human_orthopneumovirus	0	71	6167	395	1823	0.064	0.296
k__Viruses|p__Negarnaviricota|c__Monjiviricetes|o__Mononegavirales|f__Bornaviridae|g__Orthobornavirus|s__Orthobornavirus_bornaense	0	5	863	40	363	0.046	0.421
k__Viruses|p__Negarnaviricota|c__Monjiviricetes|o__Mononegavirales|f__Bornaviridae|g__Orthobornavirus|s__Orthobornavirus_alphapsittaciforme	0	6	2865	23	130	0.008	0.045
k__Viruses|p__Negarnaviricota|c__Monjiviricetes|o__Mononegavirales|f__Bornaviridae|g__Orthobornavirus|s__Orthobornavirus_serini	0	3	1231	25	33	0.02	0.027
k__Viruses|p__Negarnaviricota|c__Insthoviricetes|o__Articulavirales|f__Orthomyxoviridae|g__Alphainfluenzavirus|s__Influenza_A_virus	0	130	5930	123	1102	0.021	0.186
k__Viruses|p__Cossaviricota|c__Papovaviricetes|o__Zurhausenvirales|f__Papillomaviridae|g__Alphapapillomavirus|s__Alphapapillomavirus_12	0	12	3902	25	98	0.006	0.025
k__Viruses|p__Cossaviricota|c__Papovaviricetes|o__Zurhausenvirales|f__Papillomaviridae|g__Omikronpapillomavirus|s__Omikronpapillomavirus_1	0	4	1539	13	44	0.008	0.029
k__Viruses|p__Cossaviricota|c__Papovaviricetes|o__Zurhausenvirales|f__Papillomaviridae|g__Gammapapillomavirus|s__Gammapapillomavirus_sp	0	14	4487	1	76	0.0	0.017
k__Viruses|p__Cossaviricota|c__Papovaviricetes|o__Zurhausenvirales|f__Papillomaviridae|g__Lambdapapillomavirus|s__Lambdapapillomavirus_1	0	5	1782	35	83	0.02	0.047
k__Viruses|p__Cossaviricota|c__Papovaviricetes|o__Zurhausenvirales|f__Papillomaviridae|g__Xipapillomavirus|s__Xipapillomavirus_1	0	8	2337	12	33	0.005	0.014
k__Viruses|p__Cossaviricota|c__Papovaviricetes|o__Zurhausenvirales|f__Papillomaviridae|g__Deltapapillomavirus|s__Deltapapillomavirus_4	0	6	1627	19	401	0.012	0.246
k__Viruses|p__Cossaviricota|c__Papovaviricetes|o__Zurhausenvirales|f__Papillomaviridae|g__Iotapapillomavirus|s__Iotapapillomavirus_1	0	3	817	5	43	0.006	0.053
k__Viruses|p__Hofneiviricota|c__Faserviricetes|o__Tubulavirales|f__Inoviridae|g__Affertcholeramvirus|s__Affertcholeramvirus_CTXphi	0	11	2501	109	324	0.044	0.13
k__Viruses|p__Hofneiviricota|c__Faserviricetes|o__Tubulavirales|f__Inoviridae|g__Fibrovirus|s__Fibrovirus_fs1	0	5	537	107	208	0.199	0.387
k__Viruses|p__Hofneiviricota|c__Faserviricetes|o__Tubulavirales|f__Inoviridae|g__Inovirus|s__Inovirus_sp	0	31	5737	1	316	0.0	0.055
k__Viruses|p__Phixviricota|c__Malgrandaviricetes|o__Petitvirales|f__Microviridae|g__Microvirus|s__Blackfly_microvirus_SF02	0	108	11852	1	163	0.0	0.014
k__Viruses|p__Kitrinoviricota|c__Flasuviricetes|o__Amarillovirales|f__Flaviviridae|g__Flavivirus|s__Zika_virus	0	5	1379	151	670	0.109	0.486
k__Viruses|p__Kitrinoviricota|c__Flasuviricetes|o__Amarillovirales|f__Flaviviridae|g__Flavivirus|s__Quang_Binh_virus	0	3	1618	40	86	0.025	0.053
k__Viruses|p__Kitrinoviricota|c__Flasuviricetes|o__Amarillovirales|f__Flaviviridae|g__Flavivirus|s__Tick_borne_encephalitis_virus	0	3	1803	99	124	0.055	0.069
k__Viruses|p__Kitrinoviricota|c__Flasuviricetes|o__Amarillovirales|f__Flaviviridae|g__Hepacivirus|s__Hepacivirus_C	0	177	27956	2	486	0.0	0.017
k__Viruses|p__Kitrinoviricota|c__Magsaviricetes|o__Nodamuvirales|f__Nodaviridae|g__Betanodavirus|s__Barfin_flounder_nervous_necrosis_virus	0	3	95	51	81	0.537	0.853
k__Viruses|p__Kitrinoviricota|c__Magsaviricetes|o__Nodamuvirales|f__Nodaviridae|g__Alphanodavirus|s__Flock_House_virus	0	4	290	22	71	0.076	0.245
k__Viruses|p__Kitrinoviricota|c__Alsuviricetes|o__Martellivirales|f__Bromoviridae|g__Cucumovirus|s__Cucumber_mosaic_virus	0	151	5911	5	602	0.001	0.102
k__Viruses|p__Kitrinoviricota|c__Alsuviricetes|o__Martellivirales|f__Togaviridae|g__Alphavirus|s__Sindbis_virus	0	5	2102	18	383	0.009	0.182
k__Viruses|p__Kitrinoviricota|c__Alsuviricetes|o__Martellivirales|f__Togaviridae|g__Alphavirus|s__Getah_virus	0	3	828	384	453	0.464	0.547
k__Viruses|p__Kitrinoviricota|c__Alsuviricetes|o__Martellivirales|f__Togaviridae|g__Alphavirus|s__Venezuelan_equine_encephalitis_virus	0	6	2008	15	540	0.007	0.269
k__Viruses|p__Kitrinoviricota|c__Alsuviricetes|o__Martellivirales|f__Togaviridae|g__Alphavirus|s__Madariaga_virus	0	3	1269	50	442	0.039	0.348
k__Viruses|p__Kitrinoviricota|c__Alsuviricetes|o__Martellivirales|f__Closteroviridae|g__Closterovirus|s__Blackcurrant_leafroll_associated_virus_1	0	3	3869	73	82	0.019	0.021
k__Viruses|p__Peploviricota|c__Herviviricetes|o__Herpesvirales|f__Alloherpesviridae|g__Cyprinivirus|s__Anguillid_herpesvirus_1	0	4	54403	53307	53767	0.98	0.988
k__Viruses|p__Peploviricota|c__Herviviricetes|o__Herpesvirales|f__Alloherpesviridae|g__Cyprinivirus|s__Cyprinid_herpesvirus_3	0	22	50305	48231	49104	0.959	0.976
k__Viruses|p__Peploviricota|c__Herviviricetes|o__Herpesvirales|f__Alloherpesviridae|g__Cyprinivirus|s__Cyprinid_herpesvirus_2	0	6	57062	54458	56227	0.954	0.985
k__Viruses|p__Peploviricota|c__Herviviricetes|o__Herpesvirales|f__Herpesviridae|g__Lymphocryptovirus|s__Human_gammaherpesvirus_4	0	584	60290	17454	32922	0.29	0.546
k__Viruses|p__Peploviricota|c__Herviviricetes|o__Herpesvirales|f__Herpesviridae|g__Rhadinovirus|s__Human_gammaherpesvirus_8	0	37	42421	29396	32527	0.693	0.767
k__Viruses|p__Peploviricota|c__Herviviricetes|o__Herpesvirales|f__Herpesviridae|g__Varicellovirus|s__Felid_alphaherpesvirus_1	0	55	32445	30584	31175	0.943	0.961
k__Viruses|p__Peploviricota|c__Herviviricetes|o__Herpesvirales|f__Herpesviridae|g__Varicellovirus|s__Equid_alphaherpesvirus_1	0	28	43352	26508	34038	0.611	0.785
k__Viruses|p__Peploviricota|c__Herviviricetes|o__Herpesvirales|f__Herpesviridae|g__Varicellovirus|s__Human_alphaherpesvirus_3	0	19	30178	28046	28564	0.929	0.947
k__Viruses|p__Peploviricota|c__Herviviricetes|o__Herpesvirales|f__Herpesviridae|g__Varicellovirus|s__Bovine_alphaherpesvirus_5	0	6	20840	18589	19441	0.892	0.933
k__Viruses|p__Peploviricota|c__Herviviricetes|o__Herpesvirales|f__Herpesviridae|g__Varicellovirus|s__Canid_alphaherpesvirus_1	0	11	23982	22812	23338	0.951	0.973
k__Viruses|p__Peploviricota|c__Herviviricetes|o__Herpesvirales|f__Herpesviridae|g__Varicellovirus|s__Equid_alphaherpesvirus_4	0	13	35140	32807	33522	0.934	0.954
k__Viruses|p__Peploviricota|c__Herviviricetes|o__Herpesvirales|f__Herpesviridae|g__Varicellovirus|s__Bovine_alphaherpesvirus_1	0	50	23259	19170	20620	0.824	0.887
k__Viruses|p__Peploviricota|c__Herviviricetes|o__Herpesvirales|f__Herpesviridae|g__Varicellovirus|s__Equid_alphaherpesvirus_8	0	7	36362	32792	33962	0.902	0.934
k__Viruses|p__Peploviricota|c__Herviviricetes|o__Herpesvirales|f__Herpesviridae|g__Varicellovirus|s__Suid_alphaherpesvirus_1	0	53	26119	17167	20678	0.657	0.792
k__Viruses|p__Peploviricota|c__Herviviricetes|o__Herpesvirales|f__Herpesviridae|g__Cytomegalovirus|s__Human_betaherpesvirus_5	0	337	86332	40702	50473	0.471	0.585
k__Viruses|p__Peploviricota|c__Herviviricetes|o__Herpesvirales|f__Herpesviridae|g__Cytomegalovirus|s__Macacine_betaherpesvirus_3	0	27	72250	42987	56060	0.595	0.776
k__Viruses|p__Peploviricota|c__Herviviricetes|o__Herpesvirales|f__Herpesviridae|g__Cytomegalovirus|s__Cynomolgus_cytomegalovirus	0	6	63443	44711	54211	0.705	0.854
k__Viruses|p__Peploviricota|c__Herviviricetes|o__Herpesvirales|f__Herpesviridae|g__Roseolovirus|s__Human_betaherpesvirus_6B	0	5	38423	34362	35929	0.894	0.935
k__Viruses|p__Peploviricota|c__Herviviricetes|o__Herpesvirales|f__Herpesviridae|g__Proboscivirus|s__Elephantid_betaherpesvirus_1	0	5	53496	33639	36907	0.629	0.69
k__Viruses|p__Peploviricota|c__Herviviricetes|o__Herpesvirales|f__Herpesviridae|g__Simplexvirus|s__Macacine_alphaherpesvirus_1	0	20	32879	17607	22822	0.536	0.694
k__Viruses|p__Peploviricota|c__Herviviricetes|o__Herpesvirales|f__Herpesviridae|g__Simplexvirus|s__Human_alphaherpesvirus_2	0	15	27547	24619	25262	0.894	0.917
k__Viruses|p__Peploviricota|c__Herviviricetes|o__Herpesvirales|f__Herpesviridae|g__Simplexvirus|s__Human_alphaherpesvirus_1	0	107	45419	23617	27560	0.52	0.607
k__Viruses|p__Peploviricota|c__Herviviricetes|o__Herpesvirales|f__Herpesviridae|g__Simplexvirus|s__Papiine_alphaherpesvirus_2	0	6	23853	17901	19791	0.75	0.83
k__Viruses|p__Peploviricota|c__Herviviricetes|o__Herpesvirales|f__Herpesviridae|g__Mardivirus|s__Anatid_alphaherpesvirus_1	0	12	39280	36718	38333	0.935	0.976
k__Viruses|p__Peploviricota|c__Herviviricetes|o__Herpesvirales|f__Herpesviridae|g__Percavirus|s__Equid_gammaherpesvirus_2	0	20	55115	29731	36535	0.539	0.663
k__Viruses|p__Peploviricota|c__Herviviricetes|o__Herpesvirales|f__Herpesviridae|g__Scutavirus|s__Testudinid_alphaherpesvirus_3	0	5	39182	31521	34858	0.804	0.89
k__Viruses|p__Peploviricota|c__Herviviricetes|o__Herpesvirales|f__Herpesviridae|g__Muromegalovirus|s__Murid_betaherpesvirus_1	0	19	70646	35196	46734	0.498	0.662
k__Viruses|p__Peploviricota|c__Herviviricetes|o__Herpesvirales|f__Herpesviridae|g__Muromegalovirus|s__Murid_betaherpesvirus_8	0	3	49726	44966	46830	0.904	0.942
k__Viruses|p__Peploviricota|c__Herviviricetes|o__Herpesvirales|f__Malacoherpesviridae|g__Ostreavirus|s__Ostreid_herpesvirus_1	0	28	43447	36779	39960	0.847	0.92
k__Viruses|p__Nucleocytoviricota|c__Pokkesviricetes|o__Chitovirales|f__Poxviridae|g__Orthopoxvirus	7	21	88554	49794	65650	0.562	0.741
k__Viruses|p__Nucleocytoviricota|c__Pokkesviricetes|o__Chitovirales|f__Poxviridae|g__Capripoxvirus	3	9	54886	36724	43024	0.669	0.784
k__Viruses|p__Cressdnaviricota|c__Repensiviricetes|o__Geplafuvirales|f__Genomoviridae|g__Gemycircularvirus	3	9	13425	57	2171	0.004	0.162
k__Viruses|p__Cressdnaviricota|c__Repensiviricetes|o__Geplafuvirales|f__Geminiviridae|g__Begomovirus	34	102	52773	151	2700	0.003	0.051
k__Viruses|p__Cressdnaviricota|c__Repensiviricetes|o__Geplafuvirales|f__Geminiviridae|g__Mastrevirus	4	12	19027	76	2068	0.004	0.109
k__Viruses|p__Cressdnaviricota|c__Arfiviricetes|o__Cirlivirales|f__Circoviridae|g__Circovirus	15	45	32055	8	1952	0.0	0.061
k__Viruses|p__Artverviricota|c__Revtraviricetes|o__Ortervirales|f__Retroviridae|g__Lentivirus	3	9	37450	1128	4537	0.03	0.121
k__Viruses|p__Preplasmiviricota|c__Tectiliviricetes|o__Rowavirales|f__Adenoviridae|g__Mastadenovirus	3	9	81934	7934	25793	0.097	0.315
k__Viruses|p__Pisuviricota|c__Stelpaviricetes|o__Patatavirales|f__Potyviridae|g__Potyvirus	3	9	40971	1310	7580	0.032	0.185
k__Viruses|p__Negarnaviricota|c__Monjiviricetes|o__Mononegavirales|f__Pneumoviridae|g__Orthopneumovirus	3	9	38331	2839	12772	0.074	0.333
k__Viruses|p__Negarnaviricota|c__Monjiviricetes|o__Mononegavirales|f__Bornaviridae|g__Orthobornavirus	3	9	39528	161	8372	0.004	0.212
k__Viruses|p__Kitrinoviricota|c__Flasuviricetes|o__Amarillovirales|f__Flaviviridae|g__Flavivirus	3	9	46311	1301	9594	0.028	0.207
k__Viruses|p__Kitrinoviricota|c__Alsuviricetes|o__Martellivirales|f__Togaviridae|g__Alphavirus	4	12	54887	1435	9563	0.026	0.174
k__Viruses|p__Peploviricota|c__Herviviricetes|o__Herpesvirales|f__Alloherpesviridae|g__Cyprinivirus	3	9	98529	60050	80910	0.609	0.821
k__Viruses|p__Peploviricota|c__Herviviricetes|o__Herpesvirales|f__Herpesviridae|g__Varicellovirus	9	27	103368	11561	67170	0.112	0.65
k__Viruses|p__Peploviricota|c__Herviviricetes|o__Herpesvirales|f__Herpesviridae|g__Cytomegalovirus	3	9	101237	63655	83734	0.629	0.827
k__Viruses|p__Peploviricota|c__Herviviricetes|o__Herpesvirales|f__Herpesviridae|g__Simplexvirus	4	12	78295	28715	51383	0.367	0.656
k__Viruses|p__Nucleocytoviricota|c__Megaviricetes|o__Pimascovirales|f__Iridoviridae	4	23	103846	17269	56421	0.166	0.543
k__Viruses|p__Nucleocytoviricota|c__Megaviricetes|o__Algavirales|f__Phycodnaviridae	4	43	104618	9689	86793	0.093	0.83
k__Viruses|p__Nucleocytoviricota|c__Pokkesviricetes|o__Chitovirales|f__Poxviridae	12	83	104603	13335	68331	0.127	0.653
k__Viruses|p__Cressdnaviricota|c__Repensiviricetes|o__Geplafuvirales|f__Geminiviridae	7	641	102472	44	4939	0.0	0.048
k__Viruses|p__Cressdnaviricota|c__Arfiviricetes|o__Cremevirales|f__Smacoviridae	3	54	55436	41	2504	0.001	0.045
k__Viruses|p__Artverviricota|c__Revtraviricetes|o__Ortervirales|f__Caulimoviridae	4	97	95604	47	3753	0.0	0.039
k__Viruses|p__Artverviricota|c__Revtraviricetes|o__Ortervirales|f__Retroviridae	6	57	87263	110	9323	0.001	0.107
k__Viruses|p__Duplornaviricota|c__Chrymotiviricetes|o__Ghabrivirales|f__Totiviridae	3	43	82880	90	2232	0.001	0.027
k__Viruses|p__Duplornaviricota|c__Resentoviricetes|o__Reovirales|f__Spinareoviridae	4	19	95451	3031	18186	0.032	0.191
k__Viruses|p__Duplornaviricota|c__Resentoviricetes|o__Reovirales|f__Sedoreoviridae	4	37	100387	2025	10677	0.02	0.106
k__Viruses|p__Preplasmiviricota|c__Tectiliviricetes|o__Rowavirales|f__Adenoviridae	4	46	103476	114	25809	0.001	0.249
k__Viruses|p__Pisuviricota|c__Duplopiviricetes|o__Durnavirales|f__Partitiviridae	4	51	72994	94	4243	0.001	0.058
k__Viruses|p__Pisuviricota|c__Pisoniviricetes|o__Picornavirales|f__Picornaviridae	12	73	95272	487	7067	0.005	0.074
k__Viruses|p__Pisuviricota|c__Pisoniviricetes|o__Picornavirales|f__Secoviridae	7	70	99036	48	9806	0.0	0.099
k__Viruses|p__Pisuviricota|c__Pisoniviricetes|o__Picornavirales|f__Dicistroviridae	3	18	68502	872	2316	0.013	0.034
k__Viruses|p__Pisuviricota|c__Pisoniviricetes|o__Picornavirales|f__Caliciviridae	3	16	60996	577	2052	0.009	0.034
k__Viruses|p__Pisuviricota|c__Pisoniviricetes|o__Sobelivirales|f__Solemoviridae	3	75	89233	184	5811	0.002	0.065
k__Viruses|p__Pisuviricota|c__Pisoniviricetes|o__Nidovirales|f__Coronaviridae	3	30	93129	5418	22283	0.058	0.239
k__Viruses|p__Pisuviricota|c__Stelpaviricetes|o__Patatavirales|f__Potyviridae	7	178	102622	906	7580	0.009	0.074
k__Viruses|p__Negarnaviricota|c__Ellioviricetes|o__Bunyavirales|f__Phenuiviridae	3	14	65871	1045	4977	0.016	0.076
k__Viruses|p__Negarnaviricota|c__Monjiviricetes|o__Mononegavirales|f__Paramyxoviridae	5	33	90305	2389	15362	0.026	0.17
k__Viruses|p__Negarnaviricota|c__Monjiviricetes|o__Mononegavirales|f__Rhabdoviridae	7	44	88876	1259	10583	0.014	0.119
k__Viruses|p__Cossaviricota|c__Papovaviricetes|o__Zurhausenvirales|f__Papillomaviridae	8	40	81177	151	4044	0.002	0.05
k__Viruses|p__Hofneiviricota|c__Faserviricetes|o__Tubulavirales|f__Inoviridae	4	12	33534	298	7520	0.009	0.224
k__Viruses|p__Phixviricota|c__Malgrandaviricetes|o__Petitvirales|f__Microviridae	3	40	74252	158	5402	0.002	0.073
k__Viruses|p__Kitrinoviricota|c__Flasuviricetes|o__Amarillovirales|f__Flaviviridae	3	106	102119	394	9594	0.004	0.094
k__Viruses|p__Kitrinoviricota|c__Tolucaviricetes|o__Tolivirales|f__Tombusviridae	12	76	91258	35	4557	0.0	0.05
k__Viruses|p__Kitrinoviricota|c__Alsuviricetes|o__Tymovirales|f__Tymoviridae	3	35	71059	506	1305	0.007	0.018
k__Viruses|p__Kitrinoviricota|c__Alsuviricetes|o__Tymovirales|f__Betaflexiviridae	8	90	99580	540	2445	0.005	0.025
k__Viruses|p__Kitrinoviricota|c__Alsuviricetes|o__Martellivirales|f__Bromoviridae	4	38	86441	650	6272	0.008	0.073
k__Viruses|p__Kitrinoviricota|c__Alsuviricetes|o__Martellivirales|f__Closteroviridae	4	45	100539	2098	4395	0.021	0.044
k__Viruses|p__Kitrinoviricota|c__Alsuviricetes|o__Martellivirales|f__Virgaviridae	3	44	87508	460	2299	0.005	0.026
k__Viruses|p__Peploviricota|c__Herviviricetes|o__Herpesvirales|f__Alloherpesviridae	3	18	104468	34678	80910	0.332	0.774
k__Viruses|p__Peploviricota|c__Herviviricetes|o__Herpesvirales|f__Herpesviridae	13	130	104632	10102	83734	0.097	0.8
k__Viruses|p__Uroviricota|c__Caudoviricetes|o__Crassvirales	4	31	97225	20247	38179	0.208	0.393
k__Viruses|p__Nucleocytoviricota|c__Megaviricetes|o__Pimascovirales	3	39	104574	17269	75066	0.165	0.718
k__Viruses|p__Duplornaviricota|c__Chrymotiviricetes|o__Ghabrivirales	3	58	95131	90	7477	0.001	0.079
k__Viruses|p__Pisuviricota|c__Duplopiviricetes|o__Durnavirales	4	80	95051	40	4243	0.0	0.045
k__Viruses|p__Pisuviricota|c__Pisoniviricetes|o__Picornavirales	8	239	104481	48	9806	0.0	0.094
k__Viruses|p__Pisuviricota|c__Pisoniviricetes|o__Nidovirales	3	42	98996	4892	22283	0.049	0.225
k__Viruses|p__Negarnaviricota|c__Ellioviricetes|o__Bunyavirales	8	114	94913	580	11333	0.006	0.119
k__Viruses|p__Negarnaviricota|c__Monjiviricetes|o__Mononegavirales	6	124	101726	23	15362	0.0	0.151
k__Viruses|p__Kitrinoviricota|c__Alsuviricetes|o__Tymovirales	3	197	104138	281	2445	0.003	0.023
k__Viruses|p__Kitrinoviricota|c__Alsuviricetes|o__Martellivirales	6	207	104569	460	10941	0.004	0.105
k__Viruses|p__Peploviricota|c__Herviviricetes|o__Herpesvirales	3	155	104632	10102	83734	0.097	0.8
k__Viruses|p__Duplornaviricota	3	134	104582	90	18186	0.001	0.174
k__Viruses|p__Pisuviricota	3	652	104631	36	22283	0.0	0.213
k__Viruses|p__Negarnaviricota	3	252	103260	19	15362	0.0	0.149
k__Viruses|p__Lenarviricota	4	42	70955	36	3619	0.001	0.051
k__Viruses|p__Kitrinoviricota	4	625	104632	35	12055	0.0	0.115
