# Genome	Assignment	Cluster ID
GCA_003101375.1_ASM310137v1_genomic	k__Viruses|p__Artverviricota|c__Revtraviricetes|o__Ortervirales|f__Retroviridae|g__Lentivirus|s__Human_immunodeficiency_virus_1__clade_98	Human_immunodeficiency_virus_1__clade_98
GCA_003101515.1_ASM310151v1_genomic	k__Viruses|p__Artverviricota|c__Revtraviricetes|o__Ortervirales|f__Retroviridae|g__Lentivirus|s__Human_immunodeficiency_virus_1__clade_98	Human_immunodeficiency_virus_1__clade_98
GCA_900079255.1_ToLCPalV_genomic	k__Viruses|p__Cressdnaviricota|c__Repensiviricetes|o__Geplafuvirales|f__Geminiviridae|g__Begomovirus|s__Tomato_leaf_curl_Palampur_virus	Tomato_leaf_curl_Palampur_virus
GCA_900079265.1_ToLCPalV_genomic	k__Viruses|p__Cressdnaviricota|c__Repensiviricetes|o__Geplafuvirales|f__Geminiviridae|g__Begomovirus|s__Tomato_leaf_curl_Palampur_virus	Tomato_leaf_curl_Palampur_virus
GCA_900079315.1_ToLCPalV_genomic	k__Viruses|p__Cressdnaviricota|c__Repensiviricetes|o__Geplafuvirales|f__Geminiviridae|g__Begomovirus|s__Tomato_leaf_curl_Palampur_virus	Tomato_leaf_curl_Palampur_virus
GCA_002826245.1_ASM282624v1_genomic	k__Viruses|p__Kitrinoviricota|c__Alsuviricetes|o__Hepelivirales|f__Hepeviridae|g__Paslahepevirus|s__Paslahepevirus_balayani__clade_10	Paslahepevirus_balayani__clade_10
GCA_018574095.1_ASM1857409v1_genomic	k__Viruses|p__Kitrinoviricota|c__MSBT8095|o__MSBT8096|f__MSBT8097|g__MSBT8098|s__MSBT8099	MSBT8099
GCA_018548345.1_ASM1854834v1_genomic	k__Viruses|p__Kitrinoviricota|c__MSBT8165|o__MSBT8166|f__MSBT8167|g__MSBT8168|s__MSBT8169	MSBT8169
GCA_003972605.1_ASM397260v1_genomic	k__Viruses|p__Kitrinoviricota|c__MSBT8345|o__MSBT8346|f__MSBT8347|g__MSBT8348|s__MSBT8349	MSBT8349
GCA_018573415.1_ASM1857341v1_genomic	k__Viruses|p__Kitrinoviricota|c__MSBT8407|o__MSBT8408|f__MSBT8409|g__MSBT8410|s__MSBT8411	MSBT8411
GCA_003972725.1_ASM397272v1_genomic	k__Viruses|p__Kitrinoviricota|c__MSBT8682|o__MSBT8683|f__MSBT8684|g__MSBT8685|s__MSBT8686	MSBT8686
GCA_003971945.1_ASM397194v1_genomic	k__Viruses|p__Kitrinoviricota|c__MSBT8775|o__MSBT8776|f__MSBT8777|g__MSBT8778|s__MSBT8779	MSBT8779
GCA_002630205.1_ASM263020v1_genomic	k__Viruses|p__Lenarviricota|c__Leviviricetes|o__Norzivirales|f__Fiersviridae|g__Qubevirus|s__Qubevirus_durum	Qubevirus_durum
GCA_002986115.1_ASM298611v1_genomic	k__Viruses|p__Lenarviricota|c__MSBT8463|o__MSBT8464|f__MSBT8465|g__MSBT8466|s__MSBT8467	MSBT8467
GCA_002833525.1_ASM283352v1_genomic	k__Viruses|p__Negarnaviricota|c__Ellioviricetes|o__Bunyavirales|f__MSBT8030|g__MSBT8031|s__MSBT8032	MSBT8032
GCA_018557495.1_ASM1855749v1_genomic	k__Viruses|p__Negarnaviricota|c__MSBT8456|o__MSBT8457|f__MSBT8458|g__MSBT8459|s__MSBT8460	MSBT8460
GCA_002815095.1_ASM281509v1_genomic	k__Viruses|p__Negarnaviricota|c__Monjiviricetes|o__Mononegavirales|f__Bornaviridae|g__Orthobornavirus|s__Orthobornavirus_betapsittaciforme__clade_0	Orthobornavirus_betapsittaciforme__clade_0
GCA_002829765.1_ASM282976v1_genomic	k__Viruses|p__Nucleocytoviricota|c__Pokkesviricetes|o__Chitovirales|f__Poxviridae|g__MSBT8364|s__MSBT8365	MSBT8365
GCA_003177355.2_ASM317735v2_genomic	k__Viruses|p__Peploviricota|c__Herviviricetes|o__Herpesvirales|f__Herpesviridae|g__MSBT7773|s__MSBT7774	MSBT7774
GCA_002820365.1_ASM282036v1_genomic	k__Viruses|p__Peploviricota|c__Herviviricetes|o__Herpesvirales|f__Herpesviridae|g__MSBT7785|s__MSBT7786	MSBT7786
GCA_002158795.1_ViralProj387745_genomic	k__Viruses|p__Peploviricota|c__Herviviricetes|o__Herpesvirales|f__Herpesviridae|g__MSBT7794|s__MSBT7795	MSBT7795
GCA_000878935.1_ViralProj28073_genomic	k__Viruses|p__Peploviricota|c__Herviviricetes|o__Herpesvirales|f__Herpesviridae|g__MSBT7813|s__MSBT7814	MSBT7814
GCA_018595125.1_ASM1859512v1_genomic	k__Viruses|p__Peploviricota|c__Herviviricetes|o__Herpesvirales|f__Herpesviridae|g__MSBT7828|s__MSBT7829	MSBT7829
GCA_003032615.2_ASM303261v2_genomic	k__Viruses|p__Peploviricota|c__Herviviricetes|o__Herpesvirales|f__Herpesviridae|g__MSBT7830|s__MSBT7831	MSBT7831
GCA_008776615.1_ASM877661v1_genomic	k__Viruses|p__Peploviricota|c__Herviviricetes|o__Herpesvirales|f__Herpesviridae|g__MSBT7837|s__MSBT7838	MSBT7838
GCA_002815675.1_ASM281567v1_genomic	k__Viruses|p__Peploviricota|c__Herviviricetes|o__Herpesvirales|f__Herpesviridae|g__MSBT7856|s__MSBT7857	MSBT7857
GCA_002815655.1_ASM281565v1_genomic	k__Viruses|p__Peploviricota|c__Herviviricetes|o__Herpesvirales|f__Herpesviridae|g__MSBT7863|s__MSBT7864	MSBT7864
GCA_023119785.1_ASM2311978v1_genomic	k__Viruses|p__Peploviricota|c__Herviviricetes|o__Herpesvirales|f__Herpesviridae|g__MSBT7874|s__MSBT7875	MSBT7875
GCA_002829505.1_ASM282950v1_genomic	k__Viruses|p__Peploviricota|c__Herviviricetes|o__Herpesvirales|f__Herpesviridae|g__MSBT7881|s__MSBT7882	MSBT7882
GCA_018589585.1_ASM1858958v1_genomic	k__Viruses|p__Peploviricota|c__Herviviricetes|o__Herpesvirales|f__Herpesviridae|g__MSBT7886|s__MSBT7887	MSBT7887
GCA_000873645.1_ViralProj20965_genomic	k__Viruses|p__Peploviricota|c__Herviviricetes|o__Herpesvirales|f__Herpesviridae|g__MSBT7890|s__MSBT7891	MSBT7891
GCA_023155475.1_ASM2315547v1_genomic	k__Viruses|p__Peploviricota|c__Herviviricetes|o__Herpesvirales|f__Herpesviridae|g__MSBT7894|s__MSBT7895	MSBT7895
GCA_002814855.1_ASM281485v1_genomic	k__Viruses|p__Peploviricota|c__Herviviricetes|o__Herpesvirales|f__Herpesviridae|g__MSBT7906|s__MSBT7907	MSBT7907
GCA_006436475.1_ASM643647v1_genomic	k__Viruses|p__Peploviricota|c__Herviviricetes|o__Herpesvirales|f__Herpesviridae|g__MSBT7908|s__MSBT7909	MSBT7909
GCA_003029235.1_ASM302923v1_genomic	k__Viruses|p__Peploviricota|c__Herviviricetes|o__Herpesvirales|f__Herpesviridae|g__MSBT7910|s__MSBT7911	MSBT7911
GCA_002867795.1_ASM286779v1_genomic	k__Viruses|p__Peploviricota|c__Herviviricetes|o__Herpesvirales|f__Herpesviridae|g__MSBT7914|s__MSBT7915	MSBT7915
GCA_002820385.1_ASM282038v1_genomic	k__Viruses|p__Peploviricota|c__Herviviricetes|o__Herpesvirales|f__Herpesviridae|g__MSBT7923|s__MSBT7924	MSBT7924
GCA_002815855.1_ASM281585v1_genomic	k__Viruses|p__Peploviricota|c__Herviviricetes|o__Herpesvirales|f__Herpesviridae|g__MSBT7959|s__MSBT7960	MSBT7960
GCA_002817115.1_ASM281711v1_genomic	k__Viruses|p__Peploviricota|c__Herviviricetes|o__Herpesvirales|f__Herpesviridae|g__MSBT7961|s__MSBT7962	MSBT7962
GCA_023131915.1_ASM2313191v1_genomic	k__Viruses|p__Peploviricota|c__Herviviricetes|o__Herpesvirales|f__Herpesviridae|g__MSBT7963|s__MSBT7964	MSBT7964
GCA_006425515.1_ASM642551v1_genomic	k__Viruses|p__Peploviricota|c__Herviviricetes|o__Herpesvirales|f__Herpesviridae|g__MSBT7965|s__MSBT7966	MSBT7966
GCA_001925455.1_ViralProj359247_genomic	k__Viruses|p__Peploviricota|c__Herviviricetes|o__Herpesvirales|f__Herpesviridae|g__MSBT7982|s__MSBT7983	MSBT7983
GCA_003674005.1_ASM367400v1_genomic	k__Viruses|p__Peploviricota|c__Herviviricetes|o__Herpesvirales|f__Herpesviridae|g__MSBT7989|s__MSBT7990	MSBT7990
GCA_002868695.1_ASM286869v1_genomic	k__Viruses|p__Peploviricota|c__Herviviricetes|o__Herpesvirales|f__Herpesviridae|g__MSBT7996|s__MSBT7997	MSBT7997
GCA_003673925.1_ASM367392v1_genomic	k__Viruses|p__Peploviricota|c__Herviviricetes|o__Herpesvirales|f__Herpesviridae|g__MSBT8005|s__MSBT8006	MSBT8006
GCA_006437495.1_ASM643749v1_genomic	k__Viruses|p__Peploviricota|c__Herviviricetes|o__Herpesvirales|f__Herpesviridae|g__MSBT8007|s__MSBT8008	MSBT8008
GCA_002158675.1_ViralProj387747_genomic	k__Viruses|p__Peploviricota|c__Herviviricetes|o__Herpesvirales|f__Herpesviridae|g__MSBT8009|s__MSBT8010	MSBT8010
GCA_002868655.1_ASM286865v1_genomic	k__Viruses|p__Peploviricota|c__Herviviricetes|o__Herpesvirales|f__Herpesviridae|g__MSBT8013|s__MSBT8014	MSBT8014
GCA_008776315.1_ASM877631v1_genomic	k__Viruses|p__Peploviricota|c__Herviviricetes|o__Herpesvirales|f__Herpesviridae|g__MSBT8018|s__MSBT8019	MSBT8019
GCA_002820325.1_ASM282032v1_genomic	k__Viruses|p__Peploviricota|c__Herviviricetes|o__Herpesvirales|f__Herpesviridae|g__MSBT8063|s__MSBT8064	MSBT8064
GCA_004131985.1_ASM413198v1_genomic	k__Viruses|p__Peploviricota|c__Herviviricetes|o__Herpesvirales|f__Herpesviridae|g__MSBT8067|s__MSBT8068	MSBT8068
GCA_002270965.1_ViralProj399961_genomic	k__Viruses|p__Peploviricota|c__Herviviricetes|o__Herpesvirales|f__Herpesviridae|g__MSBT8071|s__MSBT8072	MSBT8072
GCA_018586825.1_ASM1858682v1_genomic	k__Viruses|p__Peploviricota|c__Herviviricetes|o__Herpesvirales|f__Herpesviridae|g__MSBT8073|s__MSBT8074	MSBT8074
GCA_000895055.1_ViralProj78801_genomic	k__Viruses|p__Peploviricota|c__Herviviricetes|o__Herpesvirales|f__Herpesviridae|g__MSBT8077|s__MSBT8078	MSBT8078
GCA_000850985.1_ViralMultiSegProj14851_genomic	k__Viruses|p__Peploviricota|c__Herviviricetes|o__Herpesvirales|f__Herpesviridae|g__MSBT8089|s__MSBT8090	MSBT8090
GCA_018585295.1_ASM1858529v1_genomic	k__Viruses|p__Peploviricota|c__Herviviricetes|o__Herpesvirales|f__Herpesviridae|g__MSBT8091|s__MSBT8092	MSBT8092
GCA_002158615.1_ViralProj387750_genomic	k__Viruses|p__Peploviricota|c__Herviviricetes|o__Herpesvirales|f__Herpesviridae|g__MSBT8093|s__MSBT8094	MSBT8094
GCA_900167765.1_HSV-2v11.1_genomic	k__Viruses|p__Peploviricota|c__Herviviricetes|o__Herpesvirales|f__Herpesviridae|g__MSBT8105|s__MSBT8106	MSBT8106
GCA_023120335.1_ASM2312033v1_genomic	k__Viruses|p__Peploviricota|c__Herviviricetes|o__Herpesvirales|f__Herpesviridae|g__MSBT8113|s__MSBT8114	MSBT8114
GCA_023122755.1_ASM2312275v1_genomic	k__Viruses|p__Peploviricota|c__Herviviricetes|o__Herpesvirales|f__Herpesviridae|g__MSBT8122|s__MSBT8123	MSBT8123
GCA_004788835.1_ASM478883v1_genomic	k__Viruses|p__Peploviricota|c__Herviviricetes|o__Herpesvirales|f__Herpesviridae|g__MSBT8134|s__MSBT8135	MSBT8135
GCA_002820265.1_ASM282026v1_genomic	k__Viruses|p__Peploviricota|c__Herviviricetes|o__Herpesvirales|f__Herpesviridae|g__MSBT8143|s__MSBT8144	MSBT8144
GCA_023157045.1_ASM2315704v1_genomic	k__Viruses|p__Peploviricota|c__Herviviricetes|o__Herpesvirales|f__Herpesviridae|g__MSBT8145|s__MSBT8146	MSBT8146
GCA_003950155.1_ASM395015v1_genomic	k__Viruses|p__Peploviricota|c__Herviviricetes|o__Herpesvirales|f__Herpesviridae|g__MSBT8149|s__MSBT8150	MSBT8150
GCA_002815815.1_ASM281581v1_genomic	k__Viruses|p__Peploviricota|c__Herviviricetes|o__Herpesvirales|f__Herpesviridae|g__MSBT8151|s__MSBT8152	MSBT8152
GCA_002833985.1_ASM283398v1_genomic	k__Viruses|p__Peploviricota|c__Herviviricetes|o__Herpesvirales|f__Herpesviridae|g__MSBT8158|s__MSBT8159	MSBT8159
GCA_002814635.1_ASM281463v1_genomic	k__Viruses|p__Peploviricota|c__Herviviricetes|o__Herpesvirales|f__Herpesviridae|g__MSBT8163|s__MSBT8164	MSBT8164
GCA_002118385.1_ViralProj385625_genomic	k__Viruses|p__Peploviricota|c__Herviviricetes|o__Herpesvirales|f__Herpesviridae|g__MSBT8193|s__MSBT8194	MSBT8194
GCA_002818055.1_ASM281805v1_genomic	k__Viruses|p__Peploviricota|c__Herviviricetes|o__Herpesvirales|f__Herpesviridae|g__MSBT8200|s__MSBT8201	MSBT8201
GCA_006425775.1_ASM642577v1_genomic	k__Viruses|p__Peploviricota|c__Herviviricetes|o__Herpesvirales|f__Herpesviridae|g__MSBT8202|s__MSBT8203	MSBT8203
GCA_002889475.1_ASM288947v1_genomic	k__Viruses|p__Peploviricota|c__Herviviricetes|o__Herpesvirales|f__Herpesviridae|g__MSBT8212|s__MSBT8213	MSBT8213
GCA_018586835.1_ASM1858683v1_genomic	k__Viruses|p__Peploviricota|c__Herviviricetes|o__Herpesvirales|f__Herpesviridae|g__MSBT8214|s__MSBT8215	MSBT8215
GCA_003673905.1_ASM367390v1_genomic	k__Viruses|p__Peploviricota|c__Herviviricetes|o__Herpesvirales|f__Herpesviridae|g__MSBT8219|s__MSBT8220	MSBT8220
GCA_018594915.1_ASM1859491v1_genomic	k__Viruses|p__Peploviricota|c__Herviviricetes|o__Herpesvirales|f__Herpesviridae|g__MSBT8223|s__MSBT8224	MSBT8224
GCA_002829565.1_ASM282956v1_genomic	k__Viruses|p__Peploviricota|c__Herviviricetes|o__Herpesvirales|f__Herpesviridae|g__MSBT8229|s__MSBT8230	MSBT8230
GCA_008797315.1_ASM879731v1_genomic	k__Viruses|p__Peploviricota|c__Herviviricetes|o__Herpesvirales|f__Herpesviridae|g__MSBT8231|s__MSBT8232	MSBT8232
GCA_000893535.1_ViralProj66343_genomic	k__Viruses|p__Peploviricota|c__Herviviricetes|o__Herpesvirales|f__Herpesviridae|g__MSBT8252|s__MSBT8253	MSBT8253
GCA_002833565.1_ASM283356v1_genomic	k__Viruses|p__Peploviricota|c__Herviviricetes|o__Herpesvirales|f__Herpesviridae|g__MSBT8254|s__MSBT8255	MSBT8255
GCA_002834005.1_ASM283400v1_genomic	k__Viruses|p__Peploviricota|c__Herviviricetes|o__Herpesvirales|f__Herpesviridae|g__MSBT8262|s__MSBT8263	MSBT8263
GCA_002987335.1_ASM298733v1_genomic	k__Viruses|p__Peploviricota|c__Herviviricetes|o__Herpesvirales|f__Herpesviridae|g__MSBT8264|s__MSBT8265	MSBT8265
GCA_018589625.1_ASM1858962v1_genomic	k__Viruses|p__Peploviricota|c__Herviviricetes|o__Herpesvirales|f__Herpesviridae|g__MSBT8278|s__MSBT8279	MSBT8279
GCA_023120125.1_ASM2312012v1_genomic	k__Viruses|p__Peploviricota|c__Herviviricetes|o__Herpesvirales|f__Herpesviridae|g__MSBT8311|s__MSBT8312	MSBT8312
GCA_002889375.1_ASM288937v1_genomic	k__Viruses|p__Peploviricota|c__Herviviricetes|o__Herpesvirales|f__Herpesviridae|g__MSBT8323|s__MSBT8324	MSBT8324
GCA_004788875.1_ASM478887v1_genomic	k__Viruses|p__Peploviricota|c__Herviviricetes|o__Herpesvirales|f__Herpesviridae|g__MSBT8339|s__MSBT8340	MSBT8340
GCA_002867025.1_ASM286702v1_genomic	k__Viruses|p__Peploviricota|c__Herviviricetes|o__Herpesvirales|f__Herpesviridae|g__MSBT8341|s__MSBT8342	MSBT8342
GCA_001957655.1_ViralProj361667_genomic	k__Viruses|p__Peploviricota|c__Herviviricetes|o__Herpesvirales|f__Herpesviridae|g__MSBT8343|s__MSBT8344	MSBT8344
GCA_009732515.1_ASM973251v1_genomic	k__Viruses|p__Peploviricota|c__Herviviricetes|o__Herpesvirales|f__Herpesviridae|g__MSBT8350|s__MSBT8351	MSBT8351
GCA_023120265.1_ASM2312026v1_genomic	k__Viruses|p__Peploviricota|c__Herviviricetes|o__Herpesvirales|f__Herpesviridae|g__MSBT8352|s__MSBT8353	MSBT8353
GCA_003673825.1_ASM367382v1_genomic	k__Viruses|p__Peploviricota|c__Herviviricetes|o__Herpesvirales|f__Herpesviridae|g__MSBT8356|s__MSBT8357	MSBT8357
GCA_002889555.1_ASM288955v1_genomic	k__Viruses|p__Peploviricota|c__Herviviricetes|o__Herpesvirales|f__Herpesviridae|g__MSBT8358|s__MSBT8359	MSBT8359
GCA_018594685.1_ASM1859468v1_genomic	k__Viruses|p__Peploviricota|c__Herviviricetes|o__Herpesvirales|f__Herpesviridae|g__MSBT8360|s__MSBT8361	MSBT8361
GCA_004788795.1_ASM478879v1_genomic	k__Viruses|p__Peploviricota|c__Herviviricetes|o__Herpesvirales|f__Herpesviridae|g__MSBT8362|s__MSBT8363	MSBT8363
GCA_002116195.1_ViralMultiSegProj381656_genomic	k__Viruses|p__Peploviricota|c__Herviviricetes|o__Herpesvirales|f__Herpesviridae|g__MSBT8371|s__MSBT8372	MSBT8372
GCA_002829245.1_ASM282924v1_genomic	k__Viruses|p__Peploviricota|c__Herviviricetes|o__Herpesvirales|f__Herpesviridae|g__MSBT8376|s__MSBT8377	MSBT8377
GCA_018589545.1_ASM1858954v1_genomic	k__Viruses|p__Peploviricota|c__Herviviricetes|o__Herpesvirales|f__Herpesviridae|g__MSBT8391|s__MSBT8392	MSBT8392
GCA_002029615.1_ViralMultiSegProj379132_genomic	k__Viruses|p__Peploviricota|c__Herviviricetes|o__Herpesvirales|f__Herpesviridae|g__MSBT8393|s__MSBT8394	MSBT8394
GCA_009861305.1_ASM986130v1_genomic	k__Viruses|p__Peploviricota|c__Herviviricetes|o__Herpesvirales|f__Herpesviridae|g__MSBT8414|s__MSBT8415	MSBT8415
GCA_009732495.1_ASM973249v1_genomic	k__Viruses|p__Peploviricota|c__Herviviricetes|o__Herpesvirales|f__Herpesviridae|g__MSBT8421|s__MSBT8422	MSBT8422
GCA_023156965.1_ASM2315696v1_genomic	k__Viruses|p__Peploviricota|c__Herviviricetes|o__Herpesvirales|f__Herpesviridae|g__MSBT8432|s__MSBT8433	MSBT8433
GCA_002994715.1_ASM299471v1_genomic	k__Viruses|p__Peploviricota|c__Herviviricetes|o__Herpesvirales|f__Herpesviridae|g__MSBT8434|s__MSBT8435	MSBT8435
GCA_002985885.1_ASM298588v1_genomic	k__Viruses|p__Peploviricota|c__Herviviricetes|o__Herpesvirales|f__Herpesviridae|g__MSBT8436|s__MSBT8437	MSBT8437
GCA_008766335.1_ASM876633v1_genomic	k__Viruses|p__Peploviricota|c__Herviviricetes|o__Herpesvirales|f__Herpesviridae|g__MSBT8438|s__MSBT8439	MSBT8439
GCA_014883665.1_ASM1488366v1_genomic	k__Viruses|p__Peploviricota|c__Herviviricetes|o__Herpesvirales|f__Herpesviridae|g__MSBT8444|s__MSBT8445	MSBT8445
GCA_018587565.1_ASM1858756v1_genomic	k__Viruses|p__Peploviricota|c__Herviviricetes|o__Herpesvirales|f__Herpesviridae|g__MSBT8478|s__MSBT8479	MSBT8479
GCA_000929395.1_ViralProj274150_genomic	k__Viruses|p__Peploviricota|c__Herviviricetes|o__Herpesvirales|f__Herpesviridae|g__MSBT8482|s__MSBT8483	MSBT8483
GCA_018589555.1_ASM1858955v1_genomic	k__Viruses|p__Peploviricota|c__Herviviricetes|o__Herpesvirales|f__Herpesviridae|g__MSBT8484|s__MSBT8485	MSBT8485
GCA_001974555.1_ViralProj368984_genomic	k__Viruses|p__Peploviricota|c__Herviviricetes|o__Herpesvirales|f__Herpesviridae|g__MSBT8491|s__MSBT8492	MSBT8492
GCA_002833685.1_ASM283368v1_genomic	k__Viruses|p__Peploviricota|c__Herviviricetes|o__Herpesvirales|f__Herpesviridae|g__MSBT8493|s__MSBT8494	MSBT8494
GCA_023182855.1_ASM2318285v1_genomic	k__Viruses|p__Peploviricota|c__Herviviricetes|o__Herpesvirales|f__Herpesviridae|g__MSBT8503|s__MSBT8504	MSBT8504
GCA_018585675.1_ASM1858567v1_genomic	k__Viruses|p__Peploviricota|c__Herviviricetes|o__Herpesvirales|f__Herpesviridae|g__MSBT8536|s__MSBT8537	MSBT8537
GCA_013087205.1_ASM1308720v1_genomic	k__Viruses|p__Peploviricota|c__Herviviricetes|o__Herpesvirales|f__Herpesviridae|g__MSBT8601|s__MSBT8602	MSBT8602
GCA_002817755.1_ASM281775v1_genomic	k__Viruses|p__Peploviricota|c__Herviviricetes|o__Herpesvirales|f__Herpesviridae|g__MSBT8616|s__MSBT8617	MSBT8617
GCA_018577835.1_ASM1857783v1_genomic	k__Viruses|p__Peploviricota|c__Herviviricetes|o__Herpesvirales|f__Herpesviridae|g__MSBT8628|s__MSBT8629	MSBT8629
GCA_018586945.1_ASM1858694v1_genomic	k__Viruses|p__Peploviricota|c__Herviviricetes|o__Herpesvirales|f__Herpesviridae|g__MSBT8630|s__MSBT8631	MSBT8631
GCA_023158165.1_ASM2315816v1_genomic	k__Viruses|p__Peploviricota|c__Herviviricetes|o__Herpesvirales|f__Herpesviridae|g__MSBT8635|s__MSBT8636	MSBT8636
GCA_002815915.1_ASM281591v1_genomic	k__Viruses|p__Peploviricota|c__Herviviricetes|o__Herpesvirales|f__Herpesviridae|g__MSBT8654|s__MSBT8655	MSBT8655
GCA_002866985.1_ASM286698v1_genomic	k__Viruses|p__Peploviricota|c__Herviviricetes|o__Herpesvirales|f__Herpesviridae|g__MSBT8656|s__MSBT8657	MSBT8657
GCA_002867005.1_ASM286700v1_genomic	k__Viruses|p__Peploviricota|c__Herviviricetes|o__Herpesvirales|f__Herpesviridae|g__MSBT8658|s__MSBT8659	MSBT8659
GCA_001960595.1_ViralProj361779_genomic	k__Viruses|p__Peploviricota|c__Herviviricetes|o__Herpesvirales|f__Herpesviridae|g__MSBT8665|s__MSBT8666	MSBT8666
GCA_018589575.1_ASM1858957v1_genomic	k__Viruses|p__Peploviricota|c__Herviviricetes|o__Herpesvirales|f__Herpesviridae|g__MSBT8667|s__MSBT8668	MSBT8668
GCA_002925565.1_ASM292556v1_genomic	k__Viruses|p__Peploviricota|c__Herviviricetes|o__Herpesvirales|f__Herpesviridae|g__MSBT8674|s__MSBT8675	MSBT8675
GCA_002867695.1_ASM286769v1_genomic	k__Viruses|p__Peploviricota|c__Herviviricetes|o__Herpesvirales|f__Herpesviridae|g__MSBT8676|s__MSBT8677	MSBT8677
GCA_003673945.1_ASM367394v1_genomic	k__Viruses|p__Peploviricota|c__Herviviricetes|o__Herpesvirales|f__Herpesviridae|g__MSBT8678|s__MSBT8679	MSBT8679
GCA_002816135.1_ASM281613v1_genomic	k__Viruses|p__Peploviricota|c__Herviviricetes|o__Herpesvirales|f__Herpesviridae|g__MSBT8694|s__MSBT8695	MSBT8695
GCA_009731975.1_ASM973197v1_genomic	k__Viruses|p__Peploviricota|c__Herviviricetes|o__Herpesvirales|f__Herpesviridae|g__MSBT8696|s__MSBT8697	MSBT8697
GCA_004787695.1_ASM478769v1_genomic	k__Viruses|p__Peploviricota|c__Herviviricetes|o__Herpesvirales|f__Herpesviridae|g__MSBT8698|s__MSBT8699	MSBT8699
GCA_003673845.1_ASM367384v1_genomic	k__Viruses|p__Peploviricota|c__Herviviricetes|o__Herpesvirales|f__Herpesviridae|g__MSBT8700|s__MSBT8701	MSBT8701
GCA_008776435.1_ASM877643v1_genomic	k__Viruses|p__Peploviricota|c__Herviviricetes|o__Herpesvirales|f__Herpesviridae|g__MSBT8702|s__MSBT8703	MSBT8703
GCA_002820285.1_ASM282028v1_genomic	k__Viruses|p__Peploviricota|c__Herviviricetes|o__Herpesvirales|f__Herpesviridae|g__MSBT8714|s__MSBT8715	MSBT8715
GCA_023120385.1_ASM2312038v1_genomic	k__Viruses|p__Peploviricota|c__Herviviricetes|o__Herpesvirales|f__Herpesviridae|g__MSBT8716|s__MSBT8717	MSBT8717
GCA_018585665.1_ASM1858566v1_genomic	k__Viruses|p__Peploviricota|c__Herviviricetes|o__Herpesvirales|f__Herpesviridae|g__MSBT8729|s__MSBT8730	MSBT8730
GCA_002828565.1_ASM282856v1_genomic	k__Viruses|p__Peploviricota|c__Herviviricetes|o__Herpesvirales|f__Herpesviridae|g__MSBT8736|s__MSBT8737	MSBT8737
GCA_002829545.1_ASM282954v1_genomic	k__Viruses|p__Peploviricota|c__Herviviricetes|o__Herpesvirales|f__Herpesviridae|g__MSBT8738|s__MSBT8739	MSBT8739
GCA_003673985.1_ASM367398v1_genomic	k__Viruses|p__Peploviricota|c__Herviviricetes|o__Herpesvirales|f__Herpesviridae|g__MSBT8752|s__MSBT8753	MSBT8753
GCA_003106145.1_ASM310614v1_genomic	k__Viruses|p__Peploviricota|c__Herviviricetes|o__Herpesvirales|f__Herpesviridae|g__MSBT8754|s__MSBT8755	MSBT8755
GCA_013093455.1_ASM1309345v1_genomic	k__Viruses|p__Peploviricota|c__Herviviricetes|o__Herpesvirales|f__Herpesviridae|g__MSBT8756|s__MSBT8757	MSBT8757
GCA_002837865.1_ASM283786v1_genomic	k__Viruses|p__Peploviricota|c__Herviviricetes|o__Herpesvirales|f__Herpesviridae|g__MSBT8763|s__MSBT8764	MSBT8764
GCA_000886715.1_ViralMultiSegProj39971_genomic	k__Viruses|p__Peploviricota|c__Herviviricetes|o__Herpesvirales|f__Herpesviridae|g__MSBT8795|s__MSBT8796	MSBT8796
GCA_002889395.1_ASM288939v1_genomic	k__Viruses|p__Peploviricota|c__Herviviricetes|o__Herpesvirales|f__Herpesviridae|g__MSBT8808|s__MSBT8809	MSBT8809
GCA_002868135.1_ASM286813v1_genomic	k__Viruses|p__Pisuviricota|c__Duplopiviricetes|o__Durnavirales|f__MSBT7796|g__MSBT7797|s__MSBT7798	MSBT7798
GCA_002868315.1_ASM286831v1_genomic	k__Viruses|p__Pisuviricota|c__Duplopiviricetes|o__Durnavirales|f__MSBT7930|g__MSBT7931|s__MSBT7932	MSBT7932
GCA_002867955.1_ASM286795v1_genomic	k__Viruses|p__Pisuviricota|c__Duplopiviricetes|o__Durnavirales|f__MSBT7967|g__MSBT7968|s__MSBT7969	MSBT7969
GCA_002868335.1_ASM286833v1_genomic	k__Viruses|p__Pisuviricota|c__Duplopiviricetes|o__Durnavirales|f__MSBT8015|g__MSBT8016|s__MSBT8017	MSBT8017
GCA_002868235.1_ASM286823v1_genomic	k__Viruses|p__Pisuviricota|c__Duplopiviricetes|o__Durnavirales|f__MSBT8124|g__MSBT8125|s__MSBT8126	MSBT8126
GCA_002868415.1_ASM286841v1_genomic	k__Viruses|p__Pisuviricota|c__Duplopiviricetes|o__Durnavirales|f__MSBT8373|g__MSBT8374|s__MSBT8375	MSBT8375
GCA_002868395.1_ASM286839v1_genomic	k__Viruses|p__Pisuviricota|c__Duplopiviricetes|o__Durnavirales|f__MSBT8378|g__MSBT8379|s__MSBT8380	MSBT8380
GCA_002868255.1_ASM286825v1_genomic	k__Viruses|p__Pisuviricota|c__Duplopiviricetes|o__Durnavirales|f__MSBT8540|g__MSBT8541|s__MSBT8542	MSBT8542
GCA_002868375.1_ASM286837v1_genomic	k__Viruses|p__Pisuviricota|c__Duplopiviricetes|o__Durnavirales|f__MSBT8550|g__MSBT8551|s__MSBT8552	MSBT8552
GCA_002868115.1_ASM286811v1_genomic	k__Viruses|p__Pisuviricota|c__Duplopiviricetes|o__Durnavirales|f__Partitiviridae|g__MSBT8425|s__MSBT8426	MSBT8426
GCA_018550865.1_ASM1855086v1_genomic	k__Viruses|p__Pisuviricota|c__MSBT7780|o__MSBT7781|f__MSBT7782|g__MSBT7783|s__MSBT7784	MSBT7784
GCA_018560275.1_ASM1856027v1_genomic	k__Viruses|p__Pisuviricota|c__MSBT7787|o__MSBT7788|f__MSBT7789|g__MSBT7790|s__MSBT7791	MSBT7791
GCA_018569415.1_ASM1856941v1_genomic	k__Viruses|p__Pisuviricota|c__MSBT7787|o__MSBT7788|f__MSBT7789|g__MSBT7790|s__MSBT7791	MSBT7791
GCA_018571625.1_ASM1857162v1_genomic	k__Viruses|p__Pisuviricota|c__MSBT7787|o__MSBT7788|f__MSBT7789|g__MSBT7790|s__MSBT7791	MSBT7791
GCA_018573085.1_ASM1857308v1_genomic	k__Viruses|p__Pisuviricota|c__MSBT7787|o__MSBT7788|f__MSBT7789|g__MSBT7790|s__MSBT7791	MSBT7791
GCA_018573175.1_ASM1857317v1_genomic	k__Viruses|p__Pisuviricota|c__MSBT7787|o__MSBT7788|f__MSBT7789|g__MSBT7790|s__MSBT7791	MSBT7791
GCA_004786375.1_ASM478637v1_genomic	k__Viruses|p__Pisuviricota|c__MSBT7801|o__MSBT7802|f__MSBT7803|g__MSBT7804|s__MSBT7805	MSBT7805
GCA_002989685.1_ASM298968v1_genomic	k__Viruses|p__Pisuviricota|c__MSBT7808|o__MSBT7809|f__MSBT7810|g__MSBT7811|s__MSBT7812	MSBT7812
GCA_004347065.1_ASM434706v1_genomic	k__Viruses|p__Pisuviricota|c__MSBT7808|o__MSBT7809|f__MSBT7810|g__MSBT7811|s__MSBT7812	MSBT7812
GCA_006435795.1_ASM643579v1_genomic	k__Viruses|p__Pisuviricota|c__MSBT7808|o__MSBT7809|f__MSBT7810|g__MSBT7811|s__MSBT7812	MSBT7812
GCA_018572005.1_ASM1857200v1_genomic	k__Viruses|p__Pisuviricota|c__MSBT7808|o__MSBT7809|f__MSBT7810|g__MSBT7811|s__MSBT7812	MSBT7812
GCA_000844965.1_ViralProj14488_genomic	k__Viruses|p__Pisuviricota|c__MSBT7823|o__MSBT7824|f__MSBT7825|g__MSBT7826|s__MSBT7827	MSBT7827
GCA_000872165.1_ViralProj27899_genomic	k__Viruses|p__Pisuviricota|c__MSBT7823|o__MSBT7824|f__MSBT7825|g__MSBT7826|s__MSBT7827	MSBT7827
GCA_002829685.1_ASM282968v1_genomic	k__Viruses|p__Pisuviricota|c__MSBT7823|o__MSBT7824|f__MSBT7825|g__MSBT7826|s__MSBT7827	MSBT7827
GCA_003972085.1_ASM397208v1_genomic	k__Viruses|p__Pisuviricota|c__MSBT7823|o__MSBT7824|f__MSBT7825|g__MSBT7826|s__MSBT7827	MSBT7827
GCA_023156975.1_ASM2315697v1_genomic	k__Viruses|p__Pisuviricota|c__MSBT7823|o__MSBT7824|f__MSBT7825|g__MSBT7826|s__MSBT7827	MSBT7827
GCA_000845965.1_ViralProj14524_genomic	k__Viruses|p__Pisuviricota|c__MSBT7832|o__MSBT7833|f__MSBT7834|g__MSBT7835|s__MSBT7836	MSBT7836
GCA_000856905.1_ViralProj15112_genomic	k__Viruses|p__Pisuviricota|c__MSBT7832|o__MSBT7833|f__MSBT7834|g__MSBT7835|s__MSBT7836	MSBT7836
GCA_001722705.1_ViralProj342445_genomic	k__Viruses|p__Pisuviricota|c__MSBT7832|o__MSBT7833|f__MSBT7834|g__MSBT7835|s__MSBT7836	MSBT7836
GCA_002158595.1_ViralProj387746_genomic	k__Viruses|p__Pisuviricota|c__MSBT7832|o__MSBT7833|f__MSBT7834|g__MSBT7835|s__MSBT7836	MSBT7836
GCA_002158715.1_ViralProj387744_genomic	k__Viruses|p__Pisuviricota|c__MSBT7832|o__MSBT7833|f__MSBT7834|g__MSBT7835|s__MSBT7836	MSBT7836
GCA_002158815.1_ViralProj387749_genomic	k__Viruses|p__Pisuviricota|c__MSBT7832|o__MSBT7833|f__MSBT7834|g__MSBT7835|s__MSBT7836	MSBT7836
GCA_002814575.1_ASM281457v1_genomic	k__Viruses|p__Pisuviricota|c__MSBT7832|o__MSBT7833|f__MSBT7834|g__MSBT7835|s__MSBT7836	MSBT7836
GCA_003950195.1_ASM395019v1_genomic	k__Viruses|p__Pisuviricota|c__MSBT7832|o__MSBT7833|f__MSBT7834|g__MSBT7835|s__MSBT7836	MSBT7836
GCA_018573295.1_ASM1857329v1_genomic	k__Viruses|p__Pisuviricota|c__MSBT7839|o__MSBT7840|f__MSBT7841|g__MSBT7842|s__MSBT7843	MSBT7843
GCA_002817675.1_ASM281767v1_genomic	k__Viruses|p__Pisuviricota|c__MSBT7846|o__MSBT7847|f__MSBT7848|g__MSBT7849|s__MSBT7850	MSBT7850
GCA_002820705.1_ASM282070v1_genomic	k__Viruses|p__Pisuviricota|c__MSBT7851|o__MSBT7852|f__MSBT7853|g__MSBT7854|s__MSBT7855	MSBT7855
GCA_018568965.1_ASM1856896v1_genomic	k__Viruses|p__Pisuviricota|c__MSBT7858|o__MSBT7859|f__MSBT7860|g__MSBT7861|s__MSBT7862	MSBT7862
GCA_000844965.1_ViralProj14488_genomic	k__Viruses|p__Pisuviricota|c__MSBT7867|o__MSBT7868|f__MSBT7869|g__MSBT7870|s__MSBT7871	MSBT7871
GCA_002986065.1_ASM298606v1_genomic	k__Viruses|p__Pisuviricota|c__MSBT7867|o__MSBT7868|f__MSBT7869|g__MSBT7870|s__MSBT7871	MSBT7871
GCA_003673685.1_ASM367368v1_genomic	k__Viruses|p__Pisuviricota|c__MSBT7867|o__MSBT7868|f__MSBT7869|g__MSBT7870|s__MSBT7871	MSBT7871
GCA_018557285.1_ASM1855728v1_genomic	k__Viruses|p__Pisuviricota|c__MSBT7867|o__MSBT7868|f__MSBT7869|g__MSBT7870|s__MSBT7871	MSBT7871
GCA_018563435.1_ASM1856343v1_genomic	k__Viruses|p__Pisuviricota|c__MSBT7867|o__MSBT7868|f__MSBT7869|g__MSBT7870|s__MSBT7871	MSBT7871
GCA_002815575.1_ASM281557v1_genomic	k__Viruses|p__Pisuviricota|c__MSBT7876|o__MSBT7877|f__MSBT7878|g__MSBT7879|s__MSBT7880	MSBT7880
GCA_018563305.1_ASM1856330v1_genomic	k__Viruses|p__Pisuviricota|c__MSBT7896|o__MSBT7897|f__MSBT7898|g__MSBT7899|s__MSBT7900	MSBT7900
GCA_008792625.1_ASM879262v1_genomic	k__Viruses|p__Pisuviricota|c__MSBT7916|o__MSBT7917|f__MSBT7918|g__MSBT7919|s__MSBT7920	MSBT7920
GCA_004786435.1_ASM478643v1_genomic	k__Viruses|p__Pisuviricota|c__MSBT7935|o__MSBT7936|f__MSBT7937|g__MSBT7938|s__MSBT7939	MSBT7939
GCA_002829065.1_ASM282906v1_genomic	k__Viruses|p__Pisuviricota|c__MSBT7940|o__MSBT7941|f__MSBT7942|g__MSBT7943|s__MSBT7944	MSBT7944
GCA_002823185.1_ASM282318v1_genomic	k__Viruses|p__Pisuviricota|c__MSBT7952|o__MSBT7953|f__MSBT7954|g__MSBT7955|s__MSBT7956	MSBT7956
GCA_002828185.1_ASM282818v1_genomic	k__Viruses|p__Pisuviricota|c__MSBT7970|o__MSBT7971|f__MSBT7972|g__MSBT7973|s__MSBT7974	MSBT7974
GCA_002867715.1_ASM286771v1_genomic	k__Viruses|p__Pisuviricota|c__MSBT7977|o__MSBT7978|f__MSBT7979|g__MSBT7980|s__MSBT7981	MSBT7981
GCA_004789215.1_ASM478921v1_genomic	k__Viruses|p__Pisuviricota|c__MSBT7984|o__MSBT7985|f__MSBT7986|g__MSBT7987|s__MSBT7988	MSBT7988
GCA_018563325.1_ASM1856332v1_genomic	k__Viruses|p__Pisuviricota|c__MSBT7984|o__MSBT7985|f__MSBT7986|g__MSBT7987|s__MSBT7988	MSBT7988
GCA_018563025.1_ASM1856302v1_genomic	k__Viruses|p__Pisuviricota|c__MSBT7991|o__MSBT7992|f__MSBT7993|g__MSBT7994|s__MSBT7995	MSBT7995
GCA_002868355.1_ASM286835v1_genomic	k__Viruses|p__Pisuviricota|c__MSBT8020|o__MSBT8021|f__MSBT8022|g__MSBT8023|s__MSBT8024	MSBT8024
GCA_002145725.1_ViralMultiSegProj386299_genomic	k__Viruses|p__Pisuviricota|c__MSBT8035|o__MSBT8036|f__MSBT8037|g__MSBT8038|s__MSBT8039	MSBT8039
GCA_002819005.1_ASM281900v1_genomic	k__Viruses|p__Pisuviricota|c__MSBT8035|o__MSBT8036|f__MSBT8037|g__MSBT8038|s__MSBT8039	MSBT8039
GCA_003971985.1_ASM397198v1_genomic	k__Viruses|p__Pisuviricota|c__MSBT8042|o__MSBT8043|f__MSBT8044|g__MSBT8045|s__MSBT8046	MSBT8046
GCA_002828765.1_ASM282876v1_genomic	k__Viruses|p__Pisuviricota|c__MSBT8047|o__MSBT8048|f__MSBT8049|g__MSBT8050|s__MSBT8051	MSBT8051
GCA_004287715.1_ASM428771v1_genomic	k__Viruses|p__Pisuviricota|c__MSBT8052|o__MSBT8053|f__MSBT8054|g__MSBT8055|s__MSBT8056	MSBT8056
GCA_018572175.1_ASM1857217v1_genomic	k__Viruses|p__Pisuviricota|c__MSBT8058|o__MSBT8059|f__MSBT8060|g__MSBT8061|s__MSBT8062	MSBT8062
GCA_018577275.1_ASM1857727v1_genomic	k__Viruses|p__Pisuviricota|c__MSBT8081|o__MSBT8082|f__MSBT8083|g__MSBT8084|s__MSBT8085	MSBT8085
GCA_002833725.1_ASM283372v1_genomic	k__Viruses|p__Pisuviricota|c__MSBT8100|o__MSBT8101|f__MSBT8102|g__MSBT8103|s__MSBT8104	MSBT8104
GCA_002828385.1_ASM282838v1_genomic	k__Viruses|p__Pisuviricota|c__MSBT8108|o__MSBT8109|f__MSBT8110|g__MSBT8111|s__MSBT8112	MSBT8112
GCA_008786465.1_ASM878646v1_genomic	k__Viruses|p__Pisuviricota|c__MSBT8127|o__MSBT8128|f__MSBT8129|g__MSBT8130|s__MSBT8131	MSBT8131
GCA_001646375.1_ViralProj321701_genomic	k__Viruses|p__Pisuviricota|c__MSBT8138|o__MSBT8139|f__MSBT8140|g__MSBT8141|s__MSBT8142	MSBT8142
GCA_002866945.1_ASM286694v1_genomic	k__Viruses|p__Pisuviricota|c__MSBT8138|o__MSBT8139|f__MSBT8140|g__MSBT8141|s__MSBT8142	MSBT8142
GCA_002987765.1_ASM298776v1_genomic	k__Viruses|p__Pisuviricota|c__MSBT8138|o__MSBT8139|f__MSBT8140|g__MSBT8141|s__MSBT8142	MSBT8142
GCA_006436495.1_ASM643649v1_genomic	k__Viruses|p__Pisuviricota|c__MSBT8138|o__MSBT8139|f__MSBT8140|g__MSBT8141|s__MSBT8142	MSBT8142
GCA_002814675.1_ASM281467v1_genomic	k__Viruses|p__Pisuviricota|c__MSBT8153|o__MSBT8154|f__MSBT8155|g__MSBT8156|s__MSBT8157	MSBT8157
GCA_000872165.1_ViralProj27899_genomic	k__Viruses|p__Pisuviricota|c__MSBT8170|o__MSBT8171|f__MSBT8172|g__MSBT8173|s__MSBT8174	MSBT8174
GCA_001722705.1_ViralProj342445_genomic	k__Viruses|p__Pisuviricota|c__MSBT8170|o__MSBT8171|f__MSBT8172|g__MSBT8173|s__MSBT8174	MSBT8174
GCA_001926075.1_ViralProj359269_genomic	k__Viruses|p__Pisuviricota|c__MSBT8170|o__MSBT8171|f__MSBT8172|g__MSBT8173|s__MSBT8174	MSBT8174
GCA_002819025.1_ASM281902v1_genomic	k__Viruses|p__Pisuviricota|c__MSBT8170|o__MSBT8171|f__MSBT8172|g__MSBT8173|s__MSBT8174	MSBT8174
GCA_003950175.1_ASM395017v1_genomic	k__Viruses|p__Pisuviricota|c__MSBT8170|o__MSBT8171|f__MSBT8172|g__MSBT8173|s__MSBT8174	MSBT8174
GCA_002827385.1_ASM282738v1_genomic	k__Viruses|p__Pisuviricota|c__MSBT8181|o__MSBT8182|f__MSBT8183|g__MSBT8184|s__MSBT8185	MSBT8185
GCA_001722705.1_ViralProj342445_genomic	k__Viruses|p__Pisuviricota|c__MSBT8195|o__MSBT8196|f__MSBT8197|g__MSBT8198|s__MSBT8199	MSBT8199
GCA_002158715.1_ViralProj387744_genomic	k__Viruses|p__Pisuviricota|c__MSBT8195|o__MSBT8196|f__MSBT8197|g__MSBT8198|s__MSBT8199	MSBT8199
GCA_002828165.1_ASM282816v1_genomic	k__Viruses|p__Pisuviricota|c__MSBT8195|o__MSBT8196|f__MSBT8197|g__MSBT8198|s__MSBT8199	MSBT8199
GCA_002987515.1_ASM298751v1_genomic	k__Viruses|p__Pisuviricota|c__MSBT8195|o__MSBT8196|f__MSBT8197|g__MSBT8198|s__MSBT8199	MSBT8199
GCA_002988075.1_ASM298807v1_genomic	k__Viruses|p__Pisuviricota|c__MSBT8195|o__MSBT8196|f__MSBT8197|g__MSBT8198|s__MSBT8199	MSBT8199
GCA_004788115.1_ASM478811v1_genomic	k__Viruses|p__Pisuviricota|c__MSBT8207|o__MSBT8208|f__MSBT8209|g__MSBT8210|s__MSBT8211	MSBT8211
GCA_018569055.1_ASM1856905v1_genomic	k__Viruses|p__Pisuviricota|c__MSBT8239|o__MSBT8240|f__MSBT8241|g__MSBT8242|s__MSBT8243	MSBT8243
GCA_002986215.1_ASM298621v1_genomic	k__Viruses|p__Pisuviricota|c__MSBT8244|o__MSBT8245|f__MSBT8246|g__MSBT8247|s__MSBT8248	MSBT8248
GCA_018569535.1_ASM1856953v1_genomic	k__Viruses|p__Pisuviricota|c__MSBT8266|o__MSBT8267|f__MSBT8268|g__MSBT8269|s__MSBT8270	MSBT8270
GCA_002817495.1_ASM281749v1_genomic	k__Viruses|p__Pisuviricota|c__MSBT8271|o__MSBT8272|f__MSBT8273|g__MSBT8274|s__MSBT8275	MSBT8275
GCA_004287735.1_ASM428773v1_genomic	k__Viruses|p__Pisuviricota|c__MSBT8282|o__MSBT8283|f__MSBT8284|g__MSBT8285|s__MSBT8286	MSBT8286
GCA_002821125.1_ASM282112v1_genomic	k__Viruses|p__Pisuviricota|c__MSBT8292|o__MSBT8293|f__MSBT8294|g__MSBT8295|s__MSBT8296	MSBT8296
GCA_018569605.1_ASM1856960v1_genomic	k__Viruses|p__Pisuviricota|c__MSBT8292|o__MSBT8293|f__MSBT8294|g__MSBT8295|s__MSBT8296	MSBT8296
GCA_018569735.1_ASM1856973v1_genomic	k__Viruses|p__Pisuviricota|c__MSBT8292|o__MSBT8293|f__MSBT8294|g__MSBT8295|s__MSBT8296	MSBT8296
GCA_018570165.1_ASM1857016v1_genomic	k__Viruses|p__Pisuviricota|c__MSBT8292|o__MSBT8293|f__MSBT8294|g__MSBT8295|s__MSBT8296	MSBT8296
GCA_018570705.1_ASM1857070v1_genomic	k__Viruses|p__Pisuviricota|c__MSBT8292|o__MSBT8293|f__MSBT8294|g__MSBT8295|s__MSBT8296	MSBT8296
GCA_002820525.1_ASM282052v1_genomic	k__Viruses|p__Pisuviricota|c__MSBT8299|o__MSBT8300|f__MSBT8301|g__MSBT8302|s__MSBT8303	MSBT8303
GCA_018563505.1_ASM1856350v1_genomic	k__Viruses|p__Pisuviricota|c__MSBT8304|o__MSBT8305|f__MSBT8306|g__MSBT8307|s__MSBT8308	MSBT8308
GCA_008791845.1_ASM879184v1_genomic	k__Viruses|p__Pisuviricota|c__MSBT8313|o__MSBT8314|f__MSBT8315|g__MSBT8316|s__MSBT8317	MSBT8317
GCA_018557875.1_ASM1855787v1_genomic	k__Viruses|p__Pisuviricota|c__MSBT8318|o__MSBT8319|f__MSBT8320|g__MSBT8321|s__MSBT8322	MSBT8322
GCA_008801015.1_ASM880101v1_genomic	k__Viruses|p__Pisuviricota|c__MSBT8325|o__MSBT8326|f__MSBT8327|g__MSBT8328|s__MSBT8329	MSBT8329
GCA_018570215.1_ASM1857021v1_genomic	k__Viruses|p__Pisuviricota|c__MSBT8330|o__MSBT8331|f__MSBT8332|g__MSBT8333|s__MSBT8334	MSBT8334
GCA_008800515.1_ASM880051v1_genomic	k__Viruses|p__Pisuviricota|c__MSBT8366|o__MSBT8367|f__MSBT8368|g__MSBT8369|s__MSBT8370	MSBT8370
GCA_002817355.1_ASM281735v1_genomic	k__Viruses|p__Pisuviricota|c__MSBT8386|o__MSBT8387|f__MSBT8388|g__MSBT8389|s__MSBT8390	MSBT8390
GCA_002925555.1_ASM292555v1_genomic	k__Viruses|p__Pisuviricota|c__MSBT8386|o__MSBT8387|f__MSBT8388|g__MSBT8389|s__MSBT8390	MSBT8390
GCA_006425555.1_ASM642555v1_genomic	k__Viruses|p__Pisuviricota|c__MSBT8386|o__MSBT8387|f__MSBT8388|g__MSBT8389|s__MSBT8390	MSBT8390
GCA_008797195.1_ASM879719v1_genomic	k__Viruses|p__Pisuviricota|c__MSBT8386|o__MSBT8387|f__MSBT8388|g__MSBT8389|s__MSBT8390	MSBT8390
GCA_001722705.1_ViralProj342445_genomic	k__Viruses|p__Pisuviricota|c__MSBT8395|o__MSBT8396|f__MSBT8397|g__MSBT8398|s__MSBT8399	MSBT8399
GCA_002158595.1_ViralProj387746_genomic	k__Viruses|p__Pisuviricota|c__MSBT8395|o__MSBT8396|f__MSBT8397|g__MSBT8398|s__MSBT8399	MSBT8399
GCA_002158715.1_ViralProj387744_genomic	k__Viruses|p__Pisuviricota|c__MSBT8395|o__MSBT8396|f__MSBT8397|g__MSBT8398|s__MSBT8399	MSBT8399
GCA_002830965.1_ASM283096v1_genomic	k__Viruses|p__Pisuviricota|c__MSBT8395|o__MSBT8396|f__MSBT8397|g__MSBT8398|s__MSBT8399	MSBT8399
GCA_003971925.1_ASM397192v1_genomic	k__Viruses|p__Pisuviricota|c__MSBT8395|o__MSBT8396|f__MSBT8397|g__MSBT8398|s__MSBT8399	MSBT8399
GCA_004787575.1_ASM478757v1_genomic	k__Viruses|p__Pisuviricota|c__MSBT8395|o__MSBT8396|f__MSBT8397|g__MSBT8398|s__MSBT8399	MSBT8399
GCA_018551405.1_ASM1855140v1_genomic	k__Viruses|p__Pisuviricota|c__MSBT8395|o__MSBT8396|f__MSBT8397|g__MSBT8398|s__MSBT8399	MSBT8399
GCA_018569805.1_ASM1856980v1_genomic	k__Viruses|p__Pisuviricota|c__MSBT8395|o__MSBT8396|f__MSBT8397|g__MSBT8398|s__MSBT8399	MSBT8399
GCA_018569825.1_ASM1856982v1_genomic	k__Viruses|p__Pisuviricota|c__MSBT8395|o__MSBT8396|f__MSBT8397|g__MSBT8398|s__MSBT8399	MSBT8399
GCA_018548355.1_ASM1854835v1_genomic	k__Viruses|p__Pisuviricota|c__MSBT8402|o__MSBT8403|f__MSBT8404|g__MSBT8405|s__MSBT8406	MSBT8406
GCA_018574705.1_ASM1857470v1_genomic	k__Viruses|p__Pisuviricota|c__MSBT8416|o__MSBT8417|f__MSBT8418|g__MSBT8419|s__MSBT8420	MSBT8420
GCA_002867755.2_ASM286775v2_genomic	k__Viruses|p__Pisuviricota|c__MSBT8427|o__MSBT8428|f__MSBT8429|g__MSBT8430|s__MSBT8431	MSBT8431
GCA_003112285.1_ASM311228v1_genomic	k__Viruses|p__Pisuviricota|c__MSBT8446|o__MSBT8447|f__MSBT8448|g__MSBT8449|s__MSBT8450	MSBT8450
GCA_002829085.1_ASM282908v1_genomic	k__Viruses|p__Pisuviricota|c__MSBT8451|o__MSBT8452|f__MSBT8453|g__MSBT8454|s__MSBT8455	MSBT8455
GCA_008785905.1_ASM878590v1_genomic	k__Viruses|p__Pisuviricota|c__MSBT8468|o__MSBT8469|f__MSBT8470|g__MSBT8471|s__MSBT8472	MSBT8472
GCA_002817915.1_ASM281791v1_genomic	k__Viruses|p__Pisuviricota|c__MSBT8473|o__MSBT8474|f__MSBT8475|g__MSBT8476|s__MSBT8477	MSBT8477
GCA_018577185.1_ASM1857718v1_genomic	k__Viruses|p__Pisuviricota|c__MSBT8498|o__MSBT8499|f__MSBT8500|g__MSBT8501|s__MSBT8502	MSBT8502
GCA_002987525.1_ASM298752v1_genomic	k__Viruses|p__Pisuviricota|c__MSBT8513|o__MSBT8514|f__MSBT8515|g__MSBT8516|s__MSBT8517	MSBT8517
GCA_002868495.1_ASM286849v1_genomic	k__Viruses|p__Pisuviricota|c__MSBT8518|o__MSBT8519|f__MSBT8520|g__MSBT8521|s__MSBT8522	MSBT8522
GCA_002818925.1_ASM281892v1_genomic	k__Viruses|p__Pisuviricota|c__MSBT8525|o__MSBT8526|f__MSBT8527|g__MSBT8528|s__MSBT8529	MSBT8529
GCA_004287755.1_ASM428775v1_genomic	k__Viruses|p__Pisuviricota|c__MSBT8543|o__MSBT8544|f__MSBT8545|g__MSBT8546|s__MSBT8547	MSBT8547
GCA_008786745.1_ASM878674v1_genomic	k__Viruses|p__Pisuviricota|c__MSBT8553|o__MSBT8554|f__MSBT8555|g__MSBT8556|s__MSBT8557	MSBT8557
GCA_002987485.1_ASM298748v1_genomic	k__Viruses|p__Pisuviricota|c__MSBT8558|o__MSBT8559|f__MSBT8560|g__MSBT8561|s__MSBT8562	MSBT8562
GCA_004287795.1_ASM428779v1_genomic	k__Viruses|p__Pisuviricota|c__MSBT8563|o__MSBT8564|f__MSBT8565|g__MSBT8566|s__MSBT8567	MSBT8567
GCA_002817515.1_ASM281751v1_genomic	k__Viruses|p__Pisuviricota|c__MSBT8569|o__MSBT8570|f__MSBT8571|g__MSBT8572|s__MSBT8573	MSBT8573
GCA_018559915.1_ASM1855991v1_genomic	k__Viruses|p__Pisuviricota|c__MSBT8576|o__MSBT8577|f__MSBT8578|g__MSBT8579|s__MSBT8580	MSBT8580
GCA_018569365.1_ASM1856936v1_genomic	k__Viruses|p__Pisuviricota|c__MSBT8581|o__MSBT8582|f__MSBT8583|g__MSBT8584|s__MSBT8585	MSBT8585
GCA_004790595.1_ASM479059v1_genomic	k__Viruses|p__Pisuviricota|c__MSBT8596|o__MSBT8597|f__MSBT8598|g__MSBT8599|s__MSBT8600	MSBT8600
GCA_009732295.1_ASM973229v1_genomic	k__Viruses|p__Pisuviricota|c__MSBT8609|o__MSBT8610|f__MSBT8611|g__MSBT8612|s__MSBT8613	MSBT8613
GCA_018570765.1_ASM1857076v1_genomic	k__Viruses|p__Pisuviricota|c__MSBT8618|o__MSBT8619|f__MSBT8620|g__MSBT8621|s__MSBT8622	MSBT8622
GCA_018557825.1_ASM1855782v1_genomic	k__Viruses|p__Pisuviricota|c__MSBT8623|o__MSBT8624|f__MSBT8625|g__MSBT8626|s__MSBT8627	MSBT8627
GCA_002817795.1_ASM281779v1_genomic	k__Viruses|p__Pisuviricota|c__MSBT8637|o__MSBT8638|f__MSBT8639|g__MSBT8640|s__MSBT8641	MSBT8641
GCA_002987545.1_ASM298754v1_genomic	k__Viruses|p__Pisuviricota|c__MSBT8647|o__MSBT8648|f__MSBT8649|g__MSBT8650|s__MSBT8651	MSBT8651
GCA_002823165.1_ASM282316v1_genomic	k__Viruses|p__Pisuviricota|c__MSBT8669|o__MSBT8670|f__MSBT8671|g__MSBT8672|s__MSBT8673	MSBT8673
GCA_008792365.1_ASM879236v1_genomic	k__Viruses|p__Pisuviricota|c__MSBT8687|o__MSBT8688|f__MSBT8689|g__MSBT8690|s__MSBT8691	MSBT8691
GCA_002830645.1_ASM283064v1_genomic	k__Viruses|p__Pisuviricota|c__MSBT8709|o__MSBT8710|f__MSBT8711|g__MSBT8712|s__MSBT8713	MSBT8713
GCA_002824625.1_ASM282462v1_genomic	k__Viruses|p__Pisuviricota|c__MSBT8718|o__MSBT8719|f__MSBT8720|g__MSBT8721|s__MSBT8722	MSBT8722
GCA_002867975.1_ASM286797v1_genomic	k__Viruses|p__Pisuviricota|c__MSBT8742|o__MSBT8743|f__MSBT8744|g__MSBT8745|s__MSBT8746	MSBT8746
GCA_002833645.1_ASM283364v1_genomic	k__Viruses|p__Pisuviricota|c__MSBT8747|o__MSBT8748|f__MSBT8749|g__MSBT8750|s__MSBT8751	MSBT8751
GCA_003673405.1_ASM367340v1_genomic	k__Viruses|p__Pisuviricota|c__MSBT8758|o__MSBT8759|f__MSBT8760|g__MSBT8761|s__MSBT8762	MSBT8762
GCA_002820565.1_ASM282056v1_genomic	k__Viruses|p__Pisuviricota|c__MSBT8765|o__MSBT8766|f__MSBT8767|g__MSBT8768|s__MSBT8769	MSBT8769
GCA_018577075.1_ASM1857707v1_genomic	k__Viruses|p__Pisuviricota|c__MSBT8770|o__MSBT8771|f__MSBT8772|g__MSBT8773|s__MSBT8774	MSBT8774
GCA_018573235.1_ASM1857323v1_genomic	k__Viruses|p__Pisuviricota|c__MSBT8787|o__MSBT8788|f__MSBT8789|g__MSBT8790|s__MSBT8791	MSBT8791
GCA_008786125.1_ASM878612v1_genomic	k__Viruses|p__Pisuviricota|c__MSBT8799|o__MSBT8800|f__MSBT8801|g__MSBT8802|s__MSBT8803	MSBT8803
GCA_002828625.1_ASM282862v1_genomic	k__Viruses|p__Pisuviricota|c__MSBT8810|o__MSBT8811|f__MSBT8812|g__MSBT8813|s__MSBT8814	MSBT8814
GCA_002833605.1_ASM283360v1_genomic	k__Viruses|p__Pisuviricota|c__MSBT8815|o__MSBT8816|f__MSBT8817|g__MSBT8818|s__MSBT8819	MSBT8819
GCA_002818965.1_ASM281896v1_genomic	k__Viruses|p__Pisuviricota|c__MSBT8823|o__MSBT8824|f__MSBT8825|g__MSBT8826|s__MSBT8827	MSBT8827
GCA_023156935.1_ASM2315693v1_genomic	k__Viruses|p__Pisuviricota|c__Pisoniviricetes|o__MSBT8783|f__MSBT8784|g__MSBT8785|s__MSBT8786	MSBT8786
GCA_008791965.1_ASM879196v1_genomic	k__Viruses|p__Pisuviricota|c__Pisoniviricetes|o__Nidovirales|f__MSBT8175|g__MSBT8176|s__MSBT8177	MSBT8177
GCA_004786415.1_ASM478641v1_genomic	k__Viruses|p__Pisuviricota|c__Pisoniviricetes|o__Nidovirales|f__MSBT8188|g__MSBT8189|s__MSBT8190	MSBT8190
GCA_002829985.1_ASM282998v1_genomic	k__Viruses|p__Pisuviricota|c__Pisoniviricetes|o__Nidovirales|f__MSBT8249|g__MSBT8250|s__MSBT8251	MSBT8251
GCA_002986095.1_ASM298609v1_genomic	k__Viruses|p__Pisuviricota|c__Pisoniviricetes|o__Nidovirales|f__MSBT8706|g__MSBT8707|s__MSBT8708	MSBT8708
GCA_002816275.1_ASM281627v1_genomic	k__Viruses|p__Pisuviricota|c__Pisoniviricetes|o__Nidovirales|f__MSBT8792|g__MSBT8793|s__MSBT8794	MSBT8794
GCA_008792545.1_ASM879254v1_genomic	k__Viruses|p__Pisuviricota|c__Pisoniviricetes|o__Picornavirales|f__MSBT7777|g__MSBT7778|s__MSBT7779	MSBT7779
GCA_002987695.1_ASM298769v1_genomic	k__Viruses|p__Pisuviricota|c__Pisoniviricetes|o__Picornavirales|f__MSBT7817|g__MSBT7818|s__MSBT7819	MSBT7819
GCA_002827585.1_ASM282758v1_genomic	k__Viruses|p__Pisuviricota|c__Pisoniviricetes|o__Picornavirales|f__MSBT7820|g__MSBT7821|s__MSBT7822	MSBT7822
GCA_008777015.1_ASM877701v1_genomic	k__Viruses|p__Pisuviricota|c__Pisoniviricetes|o__Picornavirales|f__MSBT7883|g__MSBT7884|s__MSBT7885	MSBT7885
GCA_002158715.1_ViralProj387744_genomic	k__Viruses|p__Pisuviricota|c__Pisoniviricetes|o__Picornavirales|f__MSBT7903|g__MSBT7904|s__MSBT7905	MSBT7905
GCA_002158755.1_ViralProj387737_genomic	k__Viruses|p__Pisuviricota|c__Pisoniviricetes|o__Picornavirales|f__MSBT7903|g__MSBT7904|s__MSBT7905	MSBT7905
GCA_008797335.1_ASM879733v1_genomic	k__Viruses|p__Pisuviricota|c__Pisoniviricetes|o__Picornavirales|f__MSBT7903|g__MSBT7904|s__MSBT7905	MSBT7905
GCA_008792685.1_ASM879268v1_genomic	k__Viruses|p__Pisuviricota|c__Pisoniviricetes|o__Picornavirales|f__MSBT7925|g__MSBT7926|s__MSBT7927	MSBT7927
GCA_004287535.1_ASM428753v1_genomic	k__Viruses|p__Pisuviricota|c__Pisoniviricetes|o__Picornavirales|f__MSBT7947|g__MSBT7948|s__MSBT7949	MSBT7949
GCA_008791905.1_ASM879190v1_genomic	k__Viruses|p__Pisuviricota|c__Pisoniviricetes|o__Picornavirales|f__MSBT7998|g__MSBT7999|s__MSBT8000	MSBT8000
GCA_003972665.1_ASM397266v1_genomic	k__Viruses|p__Pisuviricota|c__Pisoniviricetes|o__Picornavirales|f__MSBT8027|g__MSBT8028|s__MSBT8029	MSBT8029
GCA_002828345.1_ASM282834v1_genomic	k__Viruses|p__Pisuviricota|c__Pisoniviricetes|o__Picornavirales|f__MSBT8086|g__MSBT8087|s__MSBT8088	MSBT8088
GCA_002987535.1_ASM298753v1_genomic	k__Viruses|p__Pisuviricota|c__Pisoniviricetes|o__Picornavirales|f__MSBT8115|g__MSBT8116|s__MSBT8117	MSBT8117
GCA_002828645.1_ASM282864v1_genomic	k__Viruses|p__Pisuviricota|c__Pisoniviricetes|o__Picornavirales|f__MSBT8160|g__MSBT8161|s__MSBT8162	MSBT8162
GCA_003972685.1_ASM397268v1_genomic	k__Viruses|p__Pisuviricota|c__Pisoniviricetes|o__Picornavirales|f__MSBT8178|g__MSBT8179|s__MSBT8180	MSBT8180
GCA_008792065.1_ASM879206v1_genomic	k__Viruses|p__Pisuviricota|c__Pisoniviricetes|o__Picornavirales|f__MSBT8204|g__MSBT8205|s__MSBT8206	MSBT8206
GCA_002829045.1_ASM282904v1_genomic	k__Viruses|p__Pisuviricota|c__Pisoniviricetes|o__Picornavirales|f__MSBT8216|g__MSBT8217|s__MSBT8218	MSBT8218
GCA_008765795.1_ASM876579v1_genomic	k__Viruses|p__Pisuviricota|c__Pisoniviricetes|o__Picornavirales|f__MSBT8233|g__MSBT8234|s__MSBT8235	MSBT8235
GCA_008785545.1_ASM878554v1_genomic	k__Viruses|p__Pisuviricota|c__Pisoniviricetes|o__Picornavirales|f__MSBT8236|g__MSBT8237|s__MSBT8238	MSBT8238
GCA_002827605.1_ASM282760v1_genomic	k__Viruses|p__Pisuviricota|c__Pisoniviricetes|o__Picornavirales|f__MSBT8256|g__MSBT8257|s__MSBT8258	MSBT8258
GCA_002817395.1_ASM281739v1_genomic	k__Viruses|p__Pisuviricota|c__Pisoniviricetes|o__Picornavirales|f__MSBT8259|g__MSBT8260|s__MSBT8261	MSBT8261
GCA_001646375.1_ViralProj321701_genomic	k__Viruses|p__Pisuviricota|c__Pisoniviricetes|o__Picornavirales|f__MSBT8287|g__MSBT8288|s__MSBT8289	MSBT8289
GCA_001722705.1_ViralProj342445_genomic	k__Viruses|p__Pisuviricota|c__Pisoniviricetes|o__Picornavirales|f__MSBT8287|g__MSBT8288|s__MSBT8289	MSBT8289
GCA_002158595.1_ViralProj387746_genomic	k__Viruses|p__Pisuviricota|c__Pisoniviricetes|o__Picornavirales|f__MSBT8287|g__MSBT8288|s__MSBT8289	MSBT8289
GCA_002158715.1_ViralProj387744_genomic	k__Viruses|p__Pisuviricota|c__Pisoniviricetes|o__Picornavirales|f__MSBT8287|g__MSBT8288|s__MSBT8289	MSBT8289
GCA_002158735.1_ViralProj387748_genomic	k__Viruses|p__Pisuviricota|c__Pisoniviricetes|o__Picornavirales|f__MSBT8287|g__MSBT8288|s__MSBT8289	MSBT8289
GCA_002820305.1_ASM282030v1_genomic	k__Viruses|p__Pisuviricota|c__Pisoniviricetes|o__Picornavirales|f__MSBT8287|g__MSBT8288|s__MSBT8289	MSBT8289
GCA_003950195.1_ASM395019v1_genomic	k__Viruses|p__Pisuviricota|c__Pisoniviricetes|o__Picornavirales|f__MSBT8287|g__MSBT8288|s__MSBT8289	MSBT8289
GCA_006425815.1_ASM642581v1_genomic	k__Viruses|p__Pisuviricota|c__Pisoniviricetes|o__Picornavirales|f__MSBT8287|g__MSBT8288|s__MSBT8289	MSBT8289
GCA_006436495.1_ASM643649v1_genomic	k__Viruses|p__Pisuviricota|c__Pisoniviricetes|o__Picornavirales|f__MSBT8287|g__MSBT8288|s__MSBT8289	MSBT8289
GCA_018557785.1_ASM1855778v1_genomic	k__Viruses|p__Pisuviricota|c__Pisoniviricetes|o__Picornavirales|f__MSBT8287|g__MSBT8288|s__MSBT8289	MSBT8289
GCA_018569285.1_ASM1856928v1_genomic	k__Viruses|p__Pisuviricota|c__Pisoniviricetes|o__Picornavirales|f__MSBT8287|g__MSBT8288|s__MSBT8289	MSBT8289
GCA_018569305.1_ASM1856930v1_genomic	k__Viruses|p__Pisuviricota|c__Pisoniviricetes|o__Picornavirales|f__MSBT8287|g__MSBT8288|s__MSBT8289	MSBT8289
GCA_018577335.1_ASM1857733v1_genomic	k__Viruses|p__Pisuviricota|c__Pisoniviricetes|o__Picornavirales|f__MSBT8287|g__MSBT8288|s__MSBT8289	MSBT8289
GCA_023119355.1_ASM2311935v1_genomic	k__Viruses|p__Pisuviricota|c__Pisoniviricetes|o__Picornavirales|f__MSBT8287|g__MSBT8288|s__MSBT8289	MSBT8289
GCA_002828985.1_ASM282898v1_genomic	k__Viruses|p__Pisuviricota|c__Pisoniviricetes|o__Picornavirales|f__MSBT8383|g__MSBT8384|s__MSBT8385	MSBT8385
GCA_008776095.1_ASM877609v1_genomic	k__Viruses|p__Pisuviricota|c__Pisoniviricetes|o__Picornavirales|f__MSBT8486|g__MSBT8487|s__MSBT8488	MSBT8488
GCA_004786475.1_ASM478647v1_genomic	k__Viruses|p__Pisuviricota|c__Pisoniviricetes|o__Picornavirales|f__MSBT8495|g__MSBT8496|s__MSBT8497	MSBT8497
GCA_002828685.1_ASM282868v1_genomic	k__Viruses|p__Pisuviricota|c__Pisoniviricetes|o__Picornavirales|f__MSBT8533|g__MSBT8534|s__MSBT8535	MSBT8535
GCA_004786395.1_ASM478639v1_genomic	k__Viruses|p__Pisuviricota|c__Pisoniviricetes|o__Picornavirales|f__MSBT8590|g__MSBT8591|s__MSBT8592	MSBT8592
GCA_008785885.1_ASM878588v1_genomic	k__Viruses|p__Pisuviricota|c__Pisoniviricetes|o__Picornavirales|f__MSBT8593|g__MSBT8594|s__MSBT8595	MSBT8595
GCA_008777275.1_ASM877727v1_genomic	k__Viruses|p__Pisuviricota|c__Pisoniviricetes|o__Picornavirales|f__MSBT8632|g__MSBT8633|s__MSBT8634	MSBT8634
GCA_002828525.1_ASM282852v1_genomic	k__Viruses|p__Pisuviricota|c__Pisoniviricetes|o__Picornavirales|f__MSBT8644|g__MSBT8645|s__MSBT8646	MSBT8646
GCA_002868535.1_ASM286853v1_genomic	k__Viruses|p__Pisuviricota|c__Pisoniviricetes|o__Picornavirales|f__MSBT8662|g__MSBT8663|s__MSBT8664	MSBT8664
GCA_002828045.1_ASM282804v1_genomic	k__Viruses|p__Pisuviricota|c__Pisoniviricetes|o__Picornavirales|f__MSBT8733|g__MSBT8734|s__MSBT8735	MSBT8735
GCA_002828965.1_ASM282896v1_genomic	k__Viruses|p__Pisuviricota|c__Pisoniviricetes|o__Picornavirales|f__MSBT8780|g__MSBT8781|s__MSBT8782	MSBT8782
GCA_002987555.1_ASM298755v1_genomic	k__Viruses|p__Pisuviricota|c__Pisoniviricetes|o__Picornavirales|f__MSBT8820|g__MSBT8821|s__MSBT8822	MSBT8822
GCA_008799315.1_ASM879931v1_genomic	k__Viruses|p__Pisuviricota|c__Pisoniviricetes|o__Picornavirales|f__Picornaviridae|g__Enterovirus|s__MSBT8057	MSBT8057
GCA_002820505.1_ASM282050v1_genomic	k__Viruses|p__Pisuviricota|c__Pisoniviricetes|o__Picornavirales|f__Picornaviridae|g__MSBT7888|s__MSBT7889	MSBT7889
GCA_008785385.1_ASM878538v1_genomic	k__Viruses|p__Pisuviricota|c__Pisoniviricetes|o__Picornavirales|f__Picornaviridae|g__MSBT7945|s__MSBT7946	MSBT7946
GCA_008792605.1_ASM879260v1_genomic	k__Viruses|p__Pisuviricota|c__Pisoniviricetes|o__Picornavirales|f__Picornaviridae|g__MSBT8276|s__MSBT8277	MSBT8277
GCA_008786525.1_ASM878652v1_genomic	k__Viruses|p__Pisuviricota|c__Pisoniviricetes|o__Picornavirales|f__Picornaviridae|g__MSBT8337|s__MSBT8338	MSBT8338
GCA_008785765.1_ASM878576v1_genomic	k__Viruses|p__Pisuviricota|c__Pisoniviricetes|o__Picornavirales|f__Picornaviridae|g__MSBT8381|s__MSBT8382	MSBT8382
GCA_008767095.1_ASM876709v1_genomic	k__Viruses|p__Pisuviricota|c__Pisoniviricetes|o__Picornavirales|f__Picornaviridae|g__MSBT8511|s__MSBT8512	MSBT8512
GCA_008792405.1_ASM879240v1_genomic	k__Viruses|p__Pisuviricota|c__Pisoniviricetes|o__Picornavirales|f__Picornaviridae|g__MSBT8614|s__MSBT8615	MSBT8615
GCA_002831245.1_ASM283124v1_genomic	k__Viruses|p__Pisuviricota|c__Pisoniviricetes|o__Picornavirales|f__Picornaviridae|g__MSBT8680|s__MSBT8681	MSBT8681
GCA_003047515.1_ASM304751v1_genomic	k__Viruses|p__Pisuviricota|c__Pisoniviricetes|o__Picornavirales|f__Picornaviridae|g__MSBT8692|s__MSBT8693	MSBT8693
GCA_006449035.1_ASM644903v1_genomic	k__Viruses|p__Preplasmiviricota|c__Tectiliviricetes|o__Rowavirales|f__Adenoviridae|g__Aviadenovirus|s__MSBT8107	MSBT8107
GCA_006449075.1_ASM644907v1_genomic	k__Viruses|p__Preplasmiviricota|c__Tectiliviricetes|o__Rowavirales|f__Adenoviridae|g__Aviadenovirus|s__MSBT8532	MSBT8532
GCA_006449055.1_ASM644905v1_genomic	k__Viruses|p__Preplasmiviricota|c__Tectiliviricetes|o__Rowavirales|f__Adenoviridae|g__Aviadenovirus|s__MSBT8568	MSBT8568
GCA_009732555.1_ASM973255v1_genomic	k__Viruses|p__Preplasmiviricota|c__Tectiliviricetes|o__Rowavirales|f__Adenoviridae|g__MSBT7775|s__MSBT7776	MSBT7776
GCA_002986105.1_ASM298610v1_genomic	k__Viruses|p__Preplasmiviricota|c__Tectiliviricetes|o__Rowavirales|f__Adenoviridae|g__MSBT7792|s__MSBT7793	MSBT7793
GCA_009732035.1_ASM973203v1_genomic	k__Viruses|p__Preplasmiviricota|c__Tectiliviricetes|o__Rowavirales|f__Adenoviridae|g__MSBT7799|s__MSBT7800	MSBT7800
GCA_002820745.1_ASM282074v1_genomic	k__Viruses|p__Preplasmiviricota|c__Tectiliviricetes|o__Rowavirales|f__Adenoviridae|g__MSBT7806|s__MSBT7807	MSBT7807
GCA_006298205.1_ASM629820v1_genomic	k__Viruses|p__Preplasmiviricota|c__Tectiliviricetes|o__Rowavirales|f__Adenoviridae|g__MSBT7815|s__MSBT7816	MSBT7816
GCA_014883395.1_ASM1488339v1_genomic	k__Viruses|p__Preplasmiviricota|c__Tectiliviricetes|o__Rowavirales|f__Adenoviridae|g__MSBT7844|s__MSBT7845	MSBT7845
GCA_008775895.1_ASM877589v1_genomic	k__Viruses|p__Preplasmiviricota|c__Tectiliviricetes|o__Rowavirales|f__Adenoviridae|g__MSBT7865|s__MSBT7866	MSBT7866
GCA_002827625.1_ASM282762v1_genomic	k__Viruses|p__Preplasmiviricota|c__Tectiliviricetes|o__Rowavirales|f__Adenoviridae|g__MSBT7872|s__MSBT7873	MSBT7873
GCA_002817775.1_ASM281777v1_genomic	k__Viruses|p__Preplasmiviricota|c__Tectiliviricetes|o__Rowavirales|f__Adenoviridae|g__MSBT7892|s__MSBT7893	MSBT7893
GCA_002817875.1_ASM281787v1_genomic	k__Viruses|p__Preplasmiviricota|c__Tectiliviricetes|o__Rowavirales|f__Adenoviridae|g__MSBT7901|s__MSBT7902	MSBT7902
GCA_008785405.1_ASM878540v1_genomic	k__Viruses|p__Preplasmiviricota|c__Tectiliviricetes|o__Rowavirales|f__Adenoviridae|g__MSBT7912|s__MSBT7913	MSBT7913
GCA_006449095.1_ASM644909v1_genomic	k__Viruses|p__Preplasmiviricota|c__Tectiliviricetes|o__Rowavirales|f__Adenoviridae|g__MSBT7921|s__MSBT7922	MSBT7922
GCA_002814895.1_ASM281489v1_genomic	k__Viruses|p__Preplasmiviricota|c__Tectiliviricetes|o__Rowavirales|f__Adenoviridae|g__MSBT7928|s__MSBT7929	MSBT7929
GCA_008792645.1_ASM879264v1_genomic	k__Viruses|p__Preplasmiviricota|c__Tectiliviricetes|o__Rowavirales|f__Adenoviridae|g__MSBT7933|s__MSBT7934	MSBT7934
GCA_002828465.1_ASM282846v1_genomic	k__Viruses|p__Preplasmiviricota|c__Tectiliviricetes|o__Rowavirales|f__Adenoviridae|g__MSBT7950|s__MSBT7951	MSBT7951
GCA_023120205.1_ASM2312020v1_genomic	k__Viruses|p__Preplasmiviricota|c__Tectiliviricetes|o__Rowavirales|f__Adenoviridae|g__MSBT7957|s__MSBT7958	MSBT7958
GCA_023119425.1_ASM2311942v1_genomic	k__Viruses|p__Preplasmiviricota|c__Tectiliviricetes|o__Rowavirales|f__Adenoviridae|g__MSBT7975|s__MSBT7976	MSBT7976
GCA_008775855.1_ASM877585v1_genomic	k__Viruses|p__Preplasmiviricota|c__Tectiliviricetes|o__Rowavirales|f__Adenoviridae|g__MSBT8001|s__MSBT8002	MSBT8002
GCA_002822805.1_ASM282280v1_genomic	k__Viruses|p__Preplasmiviricota|c__Tectiliviricetes|o__Rowavirales|f__Adenoviridae|g__MSBT8003|s__MSBT8004	MSBT8004
GCA_004786515.1_ASM478651v1_genomic	k__Viruses|p__Preplasmiviricota|c__Tectiliviricetes|o__Rowavirales|f__Adenoviridae|g__MSBT8011|s__MSBT8012	MSBT8012
GCA_009732675.1_ASM973267v1_genomic	k__Viruses|p__Preplasmiviricota|c__Tectiliviricetes|o__Rowavirales|f__Adenoviridae|g__MSBT8025|s__MSBT8026	MSBT8026
GCA_002817435.1_ASM281743v1_genomic	k__Viruses|p__Preplasmiviricota|c__Tectiliviricetes|o__Rowavirales|f__Adenoviridae|g__MSBT8033|s__MSBT8034	MSBT8034
GCA_002830625.1_ASM283062v1_genomic	k__Viruses|p__Preplasmiviricota|c__Tectiliviricetes|o__Rowavirales|f__Adenoviridae|g__MSBT8040|s__MSBT8041	MSBT8041
GCA_002833665.1_ASM283366v1_genomic	k__Viruses|p__Preplasmiviricota|c__Tectiliviricetes|o__Rowavirales|f__Adenoviridae|g__MSBT8065|s__MSBT8066	MSBT8066
GCA_008786085.1_ASM878608v1_genomic	k__Viruses|p__Preplasmiviricota|c__Tectiliviricetes|o__Rowavirales|f__Adenoviridae|g__MSBT8069|s__MSBT8070	MSBT8070
GCA_008792425.1_ASM879242v1_genomic	k__Viruses|p__Preplasmiviricota|c__Tectiliviricetes|o__Rowavirales|f__Adenoviridae|g__MSBT8075|s__MSBT8076	MSBT8076
GCA_023120235.1_ASM2312023v1_genomic	k__Viruses|p__Preplasmiviricota|c__Tectiliviricetes|o__Rowavirales|f__Adenoviridae|g__MSBT8079|s__MSBT8080	MSBT8080
GCA_004786655.1_ASM478665v1_genomic	k__Viruses|p__Preplasmiviricota|c__Tectiliviricetes|o__Rowavirales|f__Adenoviridae|g__MSBT8118|s__MSBT8119	MSBT8119
GCA_002818115.1_ASM281811v1_genomic	k__Viruses|p__Preplasmiviricota|c__Tectiliviricetes|o__Rowavirales|f__Adenoviridae|g__MSBT8120|s__MSBT8121	MSBT8121
GCA_006444495.1_ASM644449v1_genomic	k__Viruses|p__Preplasmiviricota|c__Tectiliviricetes|o__Rowavirales|f__Adenoviridae|g__MSBT8132|s__MSBT8133	MSBT8133
GCA_002828745.1_ASM282874v1_genomic	k__Viruses|p__Preplasmiviricota|c__Tectiliviricetes|o__Rowavirales|f__Adenoviridae|g__MSBT8136|s__MSBT8137	MSBT8137
GCA_002829645.1_ASM282964v1_genomic	k__Viruses|p__Preplasmiviricota|c__Tectiliviricetes|o__Rowavirales|f__Adenoviridae|g__MSBT8147|s__MSBT8148	MSBT8148
GCA_002829145.1_ASM282914v1_genomic	k__Viruses|p__Preplasmiviricota|c__Tectiliviricetes|o__Rowavirales|f__Adenoviridae|g__MSBT8186|s__MSBT8187	MSBT8187
GCA_002829965.1_ASM282996v1_genomic	k__Viruses|p__Preplasmiviricota|c__Tectiliviricetes|o__Rowavirales|f__Adenoviridae|g__MSBT8191|s__MSBT8192	MSBT8192
GCA_002827645.1_ASM282764v1_genomic	k__Viruses|p__Preplasmiviricota|c__Tectiliviricetes|o__Rowavirales|f__Adenoviridae|g__MSBT8221|s__MSBT8222	MSBT8222
GCA_008792385.1_ASM879238v1_genomic	k__Viruses|p__Preplasmiviricota|c__Tectiliviricetes|o__Rowavirales|f__Adenoviridae|g__MSBT8225|s__MSBT8226	MSBT8226
GCA_002828925.1_ASM282892v1_genomic	k__Viruses|p__Preplasmiviricota|c__Tectiliviricetes|o__Rowavirales|f__Adenoviridae|g__MSBT8227|s__MSBT8228	MSBT8228
GCA_002829745.1_ASM282974v1_genomic	k__Viruses|p__Preplasmiviricota|c__Tectiliviricetes|o__Rowavirales|f__Adenoviridae|g__MSBT8280|s__MSBT8281	MSBT8281
GCA_002989745.1_ASM298974v1_genomic	k__Viruses|p__Preplasmiviricota|c__Tectiliviricetes|o__Rowavirales|f__Adenoviridae|g__MSBT8290|s__MSBT8291	MSBT8291
GCA_007923825.1_ASM792382v1_genomic	k__Viruses|p__Preplasmiviricota|c__Tectiliviricetes|o__Rowavirales|f__Adenoviridae|g__MSBT8297|s__MSBT8298	MSBT8298
GCA_023120185.1_ASM2312018v1_genomic	k__Viruses|p__Preplasmiviricota|c__Tectiliviricetes|o__Rowavirales|f__Adenoviridae|g__MSBT8309|s__MSBT8310	MSBT8310
GCA_008792665.1_ASM879266v1_genomic	k__Viruses|p__Preplasmiviricota|c__Tectiliviricetes|o__Rowavirales|f__Adenoviridae|g__MSBT8335|s__MSBT8336	MSBT8336
GCA_008792045.1_ASM879204v1_genomic	k__Viruses|p__Preplasmiviricota|c__Tectiliviricetes|o__Rowavirales|f__Adenoviridae|g__MSBT8354|s__MSBT8355	MSBT8355
GCA_004287515.1_ASM428751v1_genomic	k__Viruses|p__Preplasmiviricota|c__Tectiliviricetes|o__Rowavirales|f__Adenoviridae|g__MSBT8400|s__MSBT8401	MSBT8401
GCA_008785525.1_ASM878552v1_genomic	k__Viruses|p__Preplasmiviricota|c__Tectiliviricetes|o__Rowavirales|f__Adenoviridae|g__MSBT8412|s__MSBT8413	MSBT8413
GCA_023120215.1_ASM2312021v1_genomic	k__Viruses|p__Preplasmiviricota|c__Tectiliviricetes|o__Rowavirales|f__Adenoviridae|g__MSBT8423|s__MSBT8424	MSBT8424
GCA_007923845.1_ASM792384v1_genomic	k__Viruses|p__Preplasmiviricota|c__Tectiliviricetes|o__Rowavirales|f__Adenoviridae|g__MSBT8440|s__MSBT8441	MSBT8441
GCA_002829225.1_ASM282922v1_genomic	k__Viruses|p__Preplasmiviricota|c__Tectiliviricetes|o__Rowavirales|f__Adenoviridae|g__MSBT8442|s__MSBT8443	MSBT8443
GCA_004287775.1_ASM428777v1_genomic	k__Viruses|p__Preplasmiviricota|c__Tectiliviricetes|o__Rowavirales|f__Adenoviridae|g__MSBT8461|s__MSBT8462	MSBT8462
GCA_008765935.1_ASM876593v1_genomic	k__Viruses|p__Preplasmiviricota|c__Tectiliviricetes|o__Rowavirales|f__Adenoviridae|g__MSBT8480|s__MSBT8481	MSBT8481
GCA_002814595.1_ASM281459v1_genomic	k__Viruses|p__Preplasmiviricota|c__Tectiliviricetes|o__Rowavirales|f__Adenoviridae|g__MSBT8489|s__MSBT8490	MSBT8490
GCA_002827725.1_ASM282772v1_genomic	k__Viruses|p__Preplasmiviricota|c__Tectiliviricetes|o__Rowavirales|f__Adenoviridae|g__MSBT8505|s__MSBT8506	MSBT8506
GCA_002828545.1_ASM282854v1_genomic	k__Viruses|p__Preplasmiviricota|c__Tectiliviricetes|o__Rowavirales|f__Adenoviridae|g__MSBT8507|s__MSBT8508	MSBT8508
GCA_009732115.1_ASM973211v1_genomic	k__Viruses|p__Preplasmiviricota|c__Tectiliviricetes|o__Rowavirales|f__Adenoviridae|g__MSBT8509|s__MSBT8510	MSBT8510
GCA_008791885.1_ASM879188v1_genomic	k__Viruses|p__Preplasmiviricota|c__Tectiliviricetes|o__Rowavirales|f__Adenoviridae|g__MSBT8523|s__MSBT8524	MSBT8524
GCA_002988125.1_ASM298812v1_genomic	k__Viruses|p__Preplasmiviricota|c__Tectiliviricetes|o__Rowavirales|f__Adenoviridae|g__MSBT8530|s__MSBT8531	MSBT8531
GCA_008797415.1_ASM879741v1_genomic	k__Viruses|p__Preplasmiviricota|c__Tectiliviricetes|o__Rowavirales|f__Adenoviridae|g__MSBT8538|s__MSBT8539	MSBT8539
GCA_008797235.1_ASM879723v1_genomic	k__Viruses|p__Preplasmiviricota|c__Tectiliviricetes|o__Rowavirales|f__Adenoviridae|g__MSBT8548|s__MSBT8549	MSBT8549
GCA_008775955.1_ASM877595v1_genomic	k__Viruses|p__Preplasmiviricota|c__Tectiliviricetes|o__Rowavirales|f__Adenoviridae|g__MSBT8574|s__MSBT8575	MSBT8575
GCA_008792345.1_ASM879234v1_genomic	k__Viruses|p__Preplasmiviricota|c__Tectiliviricetes|o__Rowavirales|f__Adenoviridae|g__MSBT8586|s__MSBT8587	MSBT8587
GCA_008786765.1_ASM878676v1_genomic	k__Viruses|p__Preplasmiviricota|c__Tectiliviricetes|o__Rowavirales|f__Adenoviridae|g__MSBT8588|s__MSBT8589	MSBT8589
GCA_023120225.1_ASM2312022v1_genomic	k__Viruses|p__Preplasmiviricota|c__Tectiliviricetes|o__Rowavirales|f__Adenoviridae|g__MSBT8603|s__MSBT8604	MSBT8604
GCA_023120245.1_ASM2312024v1_genomic	k__Viruses|p__Preplasmiviricota|c__Tectiliviricetes|o__Rowavirales|f__Adenoviridae|g__MSBT8605|s__MSBT8606	MSBT8606
GCA_002817695.1_ASM281769v1_genomic	k__Viruses|p__Preplasmiviricota|c__Tectiliviricetes|o__Rowavirales|f__Adenoviridae|g__MSBT8607|s__MSBT8608	MSBT8608
GCA_009732615.1_ASM973261v1_genomic	k__Viruses|p__Preplasmiviricota|c__Tectiliviricetes|o__Rowavirales|f__Adenoviridae|g__MSBT8642|s__MSBT8643	MSBT8643
GCA_008775915.1_ASM877591v1_genomic	k__Viruses|p__Preplasmiviricota|c__Tectiliviricetes|o__Rowavirales|f__Adenoviridae|g__MSBT8652|s__MSBT8653	MSBT8653
GCA_003972285.1_ASM397228v1_genomic	k__Viruses|p__Preplasmiviricota|c__Tectiliviricetes|o__Rowavirales|f__Adenoviridae|g__MSBT8660|s__MSBT8661	MSBT8661
GCA_004789235.1_ASM478923v1_genomic	k__Viruses|p__Preplasmiviricota|c__Tectiliviricetes|o__Rowavirales|f__Adenoviridae|g__MSBT8704|s__MSBT8705	MSBT8705
GCA_002818035.1_ASM281803v1_genomic	k__Viruses|p__Preplasmiviricota|c__Tectiliviricetes|o__Rowavirales|f__Adenoviridae|g__MSBT8723|s__MSBT8724	MSBT8724
GCA_008792085.1_ASM879208v1_genomic	k__Viruses|p__Preplasmiviricota|c__Tectiliviricetes|o__Rowavirales|f__Adenoviridae|g__MSBT8725|s__MSBT8726	MSBT8726
GCA_008792325.1_ASM879232v1_genomic	k__Viruses|p__Preplasmiviricota|c__Tectiliviricetes|o__Rowavirales|f__Adenoviridae|g__MSBT8727|s__MSBT8728	MSBT8728
GCA_008792505.1_ASM879250v1_genomic	k__Viruses|p__Preplasmiviricota|c__Tectiliviricetes|o__Rowavirales|f__Adenoviridae|g__MSBT8731|s__MSBT8732	MSBT8732
GCA_008785665.1_ASM878566v1_genomic	k__Viruses|p__Preplasmiviricota|c__Tectiliviricetes|o__Rowavirales|f__Adenoviridae|g__MSBT8740|s__MSBT8741	MSBT8741
GCA_008776685.1_ASM877668v1_genomic	k__Viruses|p__Preplasmiviricota|c__Tectiliviricetes|o__Rowavirales|f__Adenoviridae|g__MSBT8797|s__MSBT8798	MSBT8798
GCA_002817815.1_ASM281781v1_genomic	k__Viruses|p__Preplasmiviricota|c__Tectiliviricetes|o__Rowavirales|f__Adenoviridae|g__MSBT8804|s__MSBT8805	MSBT8805
GCA_023120195.1_ASM2312019v1_genomic	k__Viruses|p__Preplasmiviricota|c__Tectiliviricetes|o__Rowavirales|f__Adenoviridae|g__MSBT8806|s__MSBT8807	MSBT8807
GCA_023119595.1_ASM2311959v1_genomic	k__Viruses|p__Preplasmiviricota|c__Tectiliviricetes|o__Rowavirales|f__Adenoviridae|g__MSBT8828|s__MSBT8829	MSBT8829
