# boundaries version 0.1.1 (May 25, 2023)
# timestamp: 20240410
# --db-dir ./MetaSBT-Viruses
# --superkingdom Viruses
# --min-genomes 3
# Lineage	Clusters	References	Kmers	Min kmers	Max kmers	Min score	Max score
k__Viruses|p__Uroviricota|c__Caudoviricetes|o__Crassvirales|f__Suoliviridae|g__Birpovirus|s__Birpovirus_hiberniae	0	4	14117	2991	4721	0.212	0.334
k__Viruses|p__Uroviricota|c__Caudoviricetes|o__Crassvirales|f__Suoliviridae|g__Canhaevirus|s__Canhaevirus_faecalis	0	4	13923	3031	5503	0.218	0.395
k__Viruses|p__Uroviricota|c__Caudoviricetes|o__Crassvirales|f__Suoliviridae|g__Canhaevirus|s__Canhaevirus_hiberniae	0	3	13430	3009	3480	0.224	0.259
k__Viruses|p__Uroviricota|c__Caudoviricetes|o__Crassvirales|f__Suoliviridae|g__Dechshavirus|s__Dechshavirus_japanensis	0	4	13717	3392	6148	0.247	0.448
k__Viruses|p__Uroviricota|c__Caudoviricetes|o__Crassvirales|f__Suoliviridae|g__Buchavirus|s__Buchavirus_coli	0	8	19735	2942	5624	0.149	0.285
k__Viruses|p__Uroviricota|c__Caudoviricetes|o__Crassvirales|f__Suoliviridae|g__Burzaovirus|s__Burzaovirus_coli	0	3	13599	3237	5832	0.238	0.429
k__Viruses|p__Uroviricota|c__Caudoviricetes|o__Crassvirales|f__Suoliviridae|g__Aurodevirus|s__Aurodevirus_hiberniae	0	4	15361	2870	3560	0.187	0.232
k__Viruses|p__Uroviricota|c__Caudoviricetes|o__Crassvirales|f__Suoliviridae|g__Afonbuvirus|s__Afonbuvirus_coli	0	3	11722	3050	4589	0.26	0.391
k__Viruses|p__Uroviricota|c__Caudoviricetes|o__Crassvirales|f__Intestiviridae|g__Delmidovirus|s__Delmidovirus_copri	0	3	10400	2606	3811	0.251	0.366
k__Viruses|p__Uroviricota|c__Caudoviricetes|o__Crassvirales|f__Intestiviridae|g__Jahgtovirus|s__Jahgtovirus_gastrointestinalis	0	3	11233	2807	4027	0.25	0.358
k__Viruses|p__Uroviricota|c__Caudoviricetes|o__Crassvirales|f__Steigviridae|g__Kahnovirus|s__Kahnovirus_copri	0	14	21944	2802	6493	0.128	0.296
k__Viruses|p__Uroviricota|c__Caudoviricetes|o__Thumleimavirales|f__Hafunaviridae|g__Mincapvirus|s__Haloarcula_virus_HCTV_15	0	6	9423	3882	5889	0.412	0.625
k__Viruses|p__Uroviricota|c__Caudoviricetes|o__Thumleimavirales|f__Hafunaviridae|g__Haloferacalesvirus|s__Haloferacalesvirus_hv5	0	32	21090	1956	6231	0.093	0.295
k__Viruses|p__Uroviricota|c__Caudoviricetes|o__Thumleimavirales|f__Druskaviridae|g__Tredecimvirus|s__Haloarcula_virus_HVTV_2	0	3	10695	4337	7464	0.406	0.698
k__Viruses|p__Nucleocytoviricota|c__Megaviricetes|o__Pimascovirales|f__Iridoviridae|g__Lymphocystivirus|s__Lymphocystis_disease_virus_1	0	4	10194	3804	5442	0.373	0.534
k__Viruses|p__Nucleocytoviricota|c__Megaviricetes|o__Pimascovirales|f__Iridoviridae|g__Ranavirus|s__Singapore_grouper_iridovirus	0	3	12430	9366	10895	0.753	0.877
k__Viruses|p__Nucleocytoviricota|c__Megaviricetes|o__Pimascovirales|f__Iridoviridae|g__Ranavirus|s__Frog_virus_3	0	118	23993	3207	8747	0.134	0.365
k__Viruses|p__Nucleocytoviricota|c__Megaviricetes|o__Pimascovirales|f__Iridoviridae|g__Ranavirus|s__Santee_Cooper_ranavirus	0	5	8979	7624	8271	0.849	0.921
k__Viruses|p__Nucleocytoviricota|c__Megaviricetes|o__Pimascovirales|f__Iridoviridae|g__Megalocytivirus|s__Infectious_spleen_and_kidney_necrosis_virus	0	34	21743	3353	9075	0.154	0.417
k__Viruses|p__Nucleocytoviricota|c__Pokkesviricetes|o__Chitovirales|f__Poxviridae|g__Orthopoxvirus|s__Monkeypox_virus	0	5692	48176	3781	14430	0.078	0.3
k__Viruses|p__Nucleocytoviricota|c__Pokkesviricetes|o__Chitovirales|f__Poxviridae|g__Alphaentomopoxvirus|s__Anomala_cuprea_entomopoxvirus	0	6	18476	4093	6659	0.222	0.36
k__Viruses|p__Nucleocytoviricota|c__Pokkesviricetes|o__Chitovirales|f__Poxviridae|g__Parapoxvirus|s__Bovine_papular_stomatitis_virus	0	6	17953	4112	8746	0.229	0.487
k__Viruses|p__Nucleocytoviricota|c__Pokkesviricetes|o__Chitovirales|f__Poxviridae|g__Parapoxvirus|s__Orf_virus	0	26	21161	5124	9144	0.242	0.432
k__Viruses|p__Nucleocytoviricota|c__Pokkesviricetes|o__Chitovirales|f__Poxviridae|g__Yatapoxvirus|s__Tanapox_virus	0	4	12151	4287	7815	0.353	0.643
k__Viruses|p__Nucleocytoviricota|c__Pokkesviricetes|o__Chitovirales|f__Poxviridae|g__Leporipoxvirus|s__Myxoma_virus	0	119	19605	5992	11261	0.306	0.574
k__Viruses|p__Nucleocytoviricota|c__Pokkesviricetes|o__Chitovirales|f__Poxviridae|g__Molluscipoxvirus|s__Molluscum_contagiosum_virus	0	48	28065	5017	12067	0.179	0.43
k__Viruses|p__Nucleocytoviricota|c__Pokkesviricetes|o__Chitovirales|f__Poxviridae|g__Capripoxvirus|s__Lumpy_skin_disease_virus	0	110	20796	3655	7928	0.176	0.381
k__Viruses|p__Cressdnaviricota|c__Repensiviricetes|o__Geplafuvirales|f__Genomoviridae|g__Gemygorvirus|s__Gemygorvirus_malas1	0	3	238	197	224	0.828	0.941
k__Viruses|p__Cressdnaviricota|c__Repensiviricetes|o__Geplafuvirales|f__Genomoviridae|g__Gemycircularvirus|s__Gemycircularvirus_poass1	0	3	259	257	258	0.992	0.996
k__Viruses|p__Cressdnaviricota|c__Repensiviricetes|o__Geplafuvirales|f__Genomoviridae|g__Gemycircularvirus|s__Giant_panda_associated_gemycircularvirus__clade_6	0	3	304	148	207	0.487	0.681
k__Viruses|p__Cressdnaviricota|c__Repensiviricetes|o__Geplafuvirales|f__Genomoviridae|g__Gemycircularvirus|s__Gemycircularvirus_chicas1	0	3	264	222	241	0.841	0.913
k__Viruses|p__Cressdnaviricota|c__Repensiviricetes|o__Geplafuvirales|f__Genomoviridae|g__Gemycircularvirus|s__Common_bean_associated_gemycircularvirus	0	3	272	231	249	0.849	0.915
k__Viruses|p__Cressdnaviricota|c__Repensiviricetes|o__Geplafuvirales|f__Genomoviridae|g__Gemycircularvirus|s__Gemycircularvirus_cybusi1	0	3	357	154	199	0.431	0.557
k__Viruses|p__Cressdnaviricota|c__Repensiviricetes|o__Geplafuvirales|f__Genomoviridae|g__Gemycircularvirus|s__Gemycircularvirus_sclero1	0	9	261	195	225	0.747	0.862
k__Viruses|p__Cressdnaviricota|c__Repensiviricetes|o__Geplafuvirales|f__Genomoviridae|g__Gemykibivirus|s__Gemykibivirus_haeme2	0	4	312	189	237	0.606	0.76
k__Viruses|p__Cressdnaviricota|c__Repensiviricetes|o__Geplafuvirales|f__Genomoviridae|g__Gemykibivirus|s__Gemykibivirus_humas2	0	7	314	204	241	0.65	0.768
k__Viruses|p__Cressdnaviricota|c__Repensiviricetes|o__Geplafuvirales|f__Genomoviridae|g__Gemykibivirus|s__Gemykibivirus_sewopo1	0	4	333	139	217	0.417	0.652
k__Viruses|p__Cressdnaviricota|c__Repensiviricetes|o__Geplafuvirales|f__Geminiviridae|g__Begomovirus|s__Tomato_leaf_curl_Karnataka_virus	0	5	376	203	290	0.54	0.771
k__Viruses|p__Cressdnaviricota|c__Repensiviricetes|o__Geplafuvirales|f__Geminiviridae|g__Begomovirus|s__Tomato_leaf_curl_Taiwan_virus__clade_0	0	3	403	186	238	0.462	0.591
k__Viruses|p__Cressdnaviricota|c__Repensiviricetes|o__Geplafuvirales|f__Geminiviridae|g__Begomovirus|s__Croton_yellow_vein_mosaic_virus	0	3	420	166	218	0.395	0.519
k__Viruses|p__Cressdnaviricota|c__Repensiviricetes|o__Geplafuvirales|f__Geminiviridae|g__Begomovirus|s__Tomato_leaf_curl_Hainan_virus__clade_0	0	3	401	177	281	0.441	0.701
k__Viruses|p__Cressdnaviricota|c__Repensiviricetes|o__Geplafuvirales|f__Geminiviridae|g__Begomovirus|s__Honeysuckle_yellow_vein_virus__clade_4	0	3	456	159	189	0.349	0.414
k__Viruses|p__Cressdnaviricota|c__Repensiviricetes|o__Geplafuvirales|f__Geminiviridae|g__Begomovirus|s__Alternanthera_yellow_vein_virus	0	3	423	164	225	0.388	0.532
k__Viruses|p__Cressdnaviricota|c__Repensiviricetes|o__Geplafuvirales|f__Geminiviridae|g__Begomovirus|s__Bhendi_yellow_vein_India_virus	0	3	416	185	229	0.445	0.55
k__Viruses|p__Cressdnaviricota|c__Repensiviricetes|o__Geplafuvirales|f__Geminiviridae|g__Begomovirus|s__Ageratum_yellow_vein_virus__clade_1	0	3	413	176	229	0.426	0.554
k__Viruses|p__Cressdnaviricota|c__Repensiviricetes|o__Geplafuvirales|f__Geminiviridae|g__Begomovirus|s__Tomato_leaf_curl_China_virus__clade_0	0	3	358	206	278	0.575	0.777
k__Viruses|p__Cressdnaviricota|c__Repensiviricetes|o__Geplafuvirales|f__Geminiviridae|g__Begomovirus|s__Cotton_leaf_curl_Gezira_virus__clade_3	0	3	425	198	238	0.466	0.56
k__Viruses|p__Cressdnaviricota|c__Repensiviricetes|o__Geplafuvirales|f__Geminiviridae|g__Begomovirus|s__Cotton_leaf_curl_Multan_virus__clade_0	0	3	405	185	248	0.457	0.612
k__Viruses|p__Cressdnaviricota|c__Repensiviricetes|o__Geplafuvirales|f__Geminiviridae|g__Begomovirus|s__Papaya_leaf_curl_virus__clade_1	0	4	479	155	215	0.324	0.449
k__Viruses|p__Cressdnaviricota|c__Repensiviricetes|o__Geplafuvirales|f__Geminiviridae|g__Begomovirus|s__Okra_yellow_crinkle_virus	0	3	392	199	267	0.508	0.681
k__Viruses|p__Cressdnaviricota|c__Repensiviricetes|o__Geplafuvirales|f__Geminiviridae|g__Begomovirus|s__Cotton_leaf_curl_Gezira_virus__clade_0	0	3	435	178	216	0.409	0.497
k__Viruses|p__Cressdnaviricota|c__Repensiviricetes|o__Geplafuvirales|f__Geminiviridae|g__Begomovirus|s__Tomato_leaf_curl_Bangalore_virus__clade_2	0	3	455	174	204	0.382	0.448
k__Viruses|p__Cressdnaviricota|c__Repensiviricetes|o__Geplafuvirales|f__Geminiviridae|g__Mastrevirus|s__Wheat_dwarf_virus__clade_0	0	3	382	199	239	0.521	0.626
k__Viruses|p__Cressdnaviricota|c__Arfiviricetes|o__Mulpavirales|f__Nanoviridae|g__Babuvirus|s__Banana_bunchy_top_virus__clade_0	0	98	2332	384	631	0.165	0.271
k__Viruses|p__Cressdnaviricota|c__Arfiviricetes|o__Mulpavirales|f__Nanoviridae|g__Babuvirus|s__Banana_bunchy_top_virus__clade_3	0	4	883	447	588	0.506	0.666
k__Viruses|p__Cressdnaviricota|c__Arfiviricetes|o__Mulpavirales|f__Nanoviridae|g__Babuvirus|s__Banana_bunchy_top_virus__clade_1	0	23	1449	319	591	0.22	0.408
k__Viruses|p__Cressdnaviricota|c__Arfiviricetes|o__Cremevirales|f__Smacoviridae|g__Porprismacovirus|s__Chimpanzee_stool_associated_circular_ssDNA_virus__clade_0	0	4	356	237	257	0.666	0.722
k__Viruses|p__Cressdnaviricota|c__Arfiviricetes|o__Cremevirales|f__Smacoviridae|g__Porprismacovirus|s__Porcine_stool_associated_circular_virus	0	3	297	284	290	0.956	0.976
k__Viruses|p__Cressdnaviricota|c__Arfiviricetes|o__Cremevirales|f__Smacoviridae|g__Porprismacovirus|s__Porprismacovirus_ratas1	0	3	294	220	240	0.748	0.816
k__Viruses|p__Cressdnaviricota|c__Arfiviricetes|o__Cremevirales|f__Smacoviridae|g__Porprismacovirus|s__Porprismacovirus_porci3	0	4	325	206	237	0.634	0.729
k__Viruses|p__Cressdnaviricota|c__Arfiviricetes|o__Cremevirales|f__Smacoviridae|g__Drosmacovirus|s__Pig_stool_associated_circular_ssDNA_virus	0	8	341	172	248	0.504	0.727
k__Viruses|p__Cressdnaviricota|c__Arfiviricetes|o__Cremevirales|f__Smacoviridae|g__Huchismacovirus|s__Human_smacovirus_1__clade_0	0	11	573	146	255	0.255	0.445
k__Viruses|p__Cressdnaviricota|c__Arfiviricetes|o__Cremevirales|f__Smacoviridae|g__Huchismacovirus|s__Human_smacovirus_1__clade_1	0	3	341	188	256	0.551	0.751
k__Viruses|p__Cressdnaviricota|c__Arfiviricetes|o__Cremevirales|f__Smacoviridae|g__Huchismacovirus|s__Human_smacovirus_1__clade_2	0	5	442	174	215	0.394	0.486
k__Viruses|p__Cressdnaviricota|c__Arfiviricetes|o__Cirlivirales|f__Vilyaviridae|g__Glamdringvirus|s__Rodent_stool_associated_circular_genome_virus__clade_8	0	4	210	210	210	1.0	1.0
k__Viruses|p__Cressdnaviricota|c__Arfiviricetes|o__Cirlivirales|f__Vilyaviridae|g__Glamdringvirus|s__Rodent_stool_associated_circular_genome_virus__clade_4	0	3	310	300	304	0.968	0.981
k__Viruses|p__Cressdnaviricota|c__Arfiviricetes|o__Cirlivirales|f__Vilyaviridae|g__Glamdringvirus|s__Rodent_stool_associated_circular_genome_virus__clade_3	0	3	378	378	378	1.0	1.0
k__Viruses|p__Cressdnaviricota|c__Arfiviricetes|o__Cirlivirales|f__Circoviridae|g__Cyclovirus|s__Duck_associated_cyclovirus_1__clade_0	0	3	201	188	190	0.935	0.945
k__Viruses|p__Cressdnaviricota|c__Arfiviricetes|o__Cirlivirales|f__Circoviridae|g__Cyclovirus|s__Ant_associated_cyclovirus_1	0	3	189	184	187	0.974	0.989
k__Viruses|p__Cressdnaviricota|c__Arfiviricetes|o__Cirlivirales|f__Circoviridae|g__Circovirus|s__Porcine_circovirus_type_1_2a	0	5	282	115	185	0.408	0.656
k__Viruses|p__Cressdnaviricota|c__Arfiviricetes|o__Cirlivirales|f__Circoviridae|g__Circovirus|s__Canine_circovirus__clade_7	0	16	281	195	217	0.694	0.772
k__Viruses|p__Cressdnaviricota|c__Arfiviricetes|o__Cirlivirales|f__Circoviridae|g__Circovirus|s__Beak_and_feather_disease_virus__clade_34	0	3	246	193	210	0.785	0.854
k__Viruses|p__Cressdnaviricota|c__Arfiviricetes|o__Cirlivirales|f__Circoviridae|g__Circovirus|s__Canine_circovirus__clade_6	0	3	277	146	209	0.527	0.755
k__Viruses|p__Cressdnaviricota|c__Arfiviricetes|o__Cirlivirales|f__Circoviridae|g__Circovirus|s__Pigeon_circovirus__clade_18	0	8	345	144	217	0.417	0.629
k__Viruses|p__Cressdnaviricota|c__Arfiviricetes|o__Cirlivirales|f__Circoviridae|g__Circovirus|s__Starling_circovirus	0	3	270	175	215	0.648	0.796
k__Viruses|p__Cressdnaviricota|c__Arfiviricetes|o__Cirlivirales|f__Circoviridae|g__Circovirus|s__Beak_and_feather_disease_virus__clade_30	0	38	634	117	224	0.185	0.353
k__Viruses|p__Cressdnaviricota|c__Arfiviricetes|o__Cirlivirales|f__Circoviridae|g__Circovirus|s__Pigeon_circovirus__clade_10	0	4	389	117	148	0.301	0.38
k__Viruses|p__Cressdnaviricota|c__Arfiviricetes|o__Cirlivirales|f__Circoviridae|g__Circovirus|s__Mink_circovirus	0	8	196	166	175	0.847	0.893
k__Viruses|p__Cressdnaviricota|c__Arfiviricetes|o__Cirlivirales|f__Circoviridae|g__Circovirus|s__Beak_and_feather_disease_virus__clade_32	0	7	326	148	206	0.454	0.632
k__Viruses|p__Cressdnaviricota|c__Arfiviricetes|o__Cirlivirales|f__Circoviridae|g__Circovirus|s__Goose_circovirus__clade_5	0	7	208	182	192	0.875	0.923
k__Viruses|p__Cressdnaviricota|c__Arfiviricetes|o__Cirlivirales|f__Circoviridae|g__Circovirus|s__Beak_and_feather_disease_virus__clade_11	0	7	325	168	215	0.517	0.662
k__Viruses|p__Cressdnaviricota|c__Arfiviricetes|o__Cirlivirales|f__Circoviridae|g__Circovirus|s__Beak_and_feather_disease_virus__clade_2	0	35	534	126	222	0.236	0.416
k__Viruses|p__Cressdnaviricota|c__Arfiviricetes|o__Cirlivirales|f__Circoviridae|g__Circovirus|s__Porcine_circovirus_2__clade_0	0	2408	3799	7	206	0.002	0.054
k__Viruses|p__Cressdnaviricota|c__Arfiviricetes|o__Cirlivirales|f__Circoviridae|g__Circovirus|s__Beak_and_feather_disease_virus__clade_38	0	4	246	189	206	0.768	0.837
k__Viruses|p__Cressdnaviricota|c__Arfiviricetes|o__Cirlivirales|f__Circoviridae|g__Circovirus|s__Porcine_circovirus_like_virus_P1	0	16	145	7	68	0.048	0.469
k__Viruses|p__Cressdnaviricota|c__Arfiviricetes|o__Cirlivirales|f__Circoviridae|g__Circovirus|s__Beak_and_feather_disease_virus__clade_15	0	14	494	120	203	0.243	0.411
k__Viruses|p__Cressdnaviricota|c__Arfiviricetes|o__Cirlivirales|f__Circoviridae|g__Circovirus|s__Bat_associated_circovirus	0	3	243	123	179	0.506	0.737
k__Viruses|p__Cressdnaviricota|c__Arfiviricetes|o__Cirlivirales|f__Circoviridae|g__Circovirus|s__Porcine_circovirus_3__clade_0	0	249	888	147	220	0.166	0.248
k__Viruses|p__Cressdnaviricota|c__Arfiviricetes|o__Cirlivirales|f__Circoviridae|g__Circovirus|s__Zebra_finch_circovirus__clade_1	0	3	320	117	172	0.366	0.537
k__Viruses|p__Cressdnaviricota|c__Arfiviricetes|o__Cirlivirales|f__Circoviridae|g__Circovirus|s__Beak_and_feather_disease_virus__clade_0	0	4	308	140	210	0.455	0.682
k__Viruses|p__Cressdnaviricota|c__Arfiviricetes|o__Cirlivirales|f__Circoviridae|g__Circovirus|s__Beak_and_feather_disease_virus__clade_20	0	9	429	112	204	0.261	0.476
k__Viruses|p__Cressdnaviricota|c__Arfiviricetes|o__Cirlivirales|f__Circoviridae|g__Circovirus|s__Pigeon_circovirus__clade_0	0	32	752	104	216	0.138	0.287
k__Viruses|p__Cressdnaviricota|c__Arfiviricetes|o__Cirlivirales|f__Circoviridae|g__Circovirus|s__Beak_and_feather_disease_virus__clade_14	0	10	324	138	208	0.426	0.642
k__Viruses|p__Cressdnaviricota|c__Arfiviricetes|o__Cirlivirales|f__Circoviridae|g__Circovirus|s__Beak_and_feather_disease_virus__clade_33	0	26	394	161	210	0.409	0.533
k__Viruses|p__Cressdnaviricota|c__Arfiviricetes|o__Cirlivirales|f__Circoviridae|g__Circovirus|s__Gull_circovirus	0	5	280	186	225	0.664	0.804
k__Viruses|p__Cressdnaviricota|c__Arfiviricetes|o__Cirlivirales|f__Circoviridae|g__Circovirus|s__Porcine_circovirus_1	0	63	431	135	177	0.313	0.411
k__Viruses|p__Cressdnaviricota|c__Arfiviricetes|o__Cirlivirales|f__Circoviridae|g__Circovirus|s__Beak_and_feather_disease_virus__clade_22	0	4	275	166	212	0.604	0.771
k__Viruses|p__Cressdnaviricota|c__Arfiviricetes|o__Cirlivirales|f__Circoviridae|g__Circovirus|s__Beak_and_feather_disease_virus__clade_19	0	14	314	142	218	0.452	0.694
k__Viruses|p__Cressdnaviricota|c__Arfiviricetes|o__Cirlivirales|f__Circoviridae|g__Circovirus|s__Bat_circovirus__clade_0	0	10	347	161	204	0.464	0.588
k__Viruses|p__Cressdnaviricota|c__Arfiviricetes|o__Cirlivirales|f__Circoviridae|g__Circovirus|s__Beak_and_feather_disease_virus__clade_41	0	20	409	133	216	0.325	0.528
k__Viruses|p__Cressdnaviricota|c__Arfiviricetes|o__Cirlivirales|f__Circoviridae|g__Circovirus|s__Pigeon_circovirus__clade_1	0	4	332	131	213	0.395	0.642
k__Viruses|p__Cressdnaviricota|c__Arfiviricetes|o__Cirlivirales|f__Circoviridae|g__Circovirus|s__Rodent_associated_circovirus_7	0	8	381	132	200	0.346	0.525
k__Viruses|p__Cressdnaviricota|c__Arfiviricetes|o__Cirlivirales|f__Circoviridae|g__Circovirus|s__Pigeon_circovirus__clade_5	0	6	404	134	168	0.332	0.416
k__Viruses|p__Cressdnaviricota|c__Arfiviricetes|o__Cirlivirales|f__Circoviridae|g__Circovirus|s__Beak_and_feather_disease_virus__clade_25	0	3	320	132	164	0.412	0.512
k__Viruses|p__Cressdnaviricota|c__Arfiviricetes|o__Cirlivirales|f__Circoviridae|g__Circovirus|s__Canine_circovirus__clade_10	0	3	235	175	193	0.745	0.821
k__Viruses|p__Cressdnaviricota|c__Arfiviricetes|o__Cirlivirales|f__Circoviridae|g__Circovirus|s__Beak_and_feather_disease_virus__clade_42	0	12	218	211	214	0.968	0.982
k__Viruses|p__Cressdnaviricota|c__Arfiviricetes|o__Cirlivirales|f__Circoviridae|g__Circovirus|s__Anguilla_anguilla_circovirus__clade_0	0	3	149	141	144	0.946	0.966
k__Viruses|p__Cressdnaviricota|c__Arfiviricetes|o__Cirlivirales|f__Circoviridae|g__Circovirus|s__Beak_and_feather_disease_virus__clade_4	0	16	570	108	210	0.189	0.368
k__Viruses|p__Cressdnaviricota|c__Arfiviricetes|o__Cirlivirales|f__Circoviridae|g__Circovirus|s__Beak_and_feather_disease_virus__clade_31	0	25	441	147	221	0.333	0.501
k__Viruses|p__Cressdnaviricota|c__Arfiviricetes|o__Cirlivirales|f__Circoviridae|g__Circovirus|s__Duck_circovirus__clade_0	0	32	492	128	223	0.26	0.453
k__Viruses|p__Cressdnaviricota|c__Arfiviricetes|o__Cirlivirales|f__Circoviridae|g__Circovirus|s__Beak_and_feather_disease_virus__clade_6	0	4	353	140	186	0.397	0.527
k__Viruses|p__Cressdnaviricota|c__Arfiviricetes|o__Cirlivirales|f__Circoviridae|g__Circovirus|s__Pigeon_circovirus__clade_6	0	8	409	112	197	0.274	0.482
k__Viruses|p__Cressdnaviricota|c__Arfiviricetes|o__Cirlivirales|f__Circoviridae|g__Circovirus|s__Pigeon_circovirus__clade_19	0	6	394	125	202	0.317	0.513
k__Viruses|p__Cressdnaviricota|c__Arfiviricetes|o__Cirlivirales|f__Circoviridae|g__Circovirus|s__Beak_and_feather_disease_virus__clade_3	0	3	327	126	167	0.385	0.511
k__Viruses|p__Cressdnaviricota|c__Arfiviricetes|o__Cirlivirales|f__Circoviridae|g__Circovirus|s__Beak_and_feather_disease_virus__clade_13	0	27	573	113	216	0.197	0.377
k__Viruses|p__Cressdnaviricota|c__Arfiviricetes|o__Cirlivirales|f__Circoviridae|g__Circovirus|s__Porcine_circovirus_2__clade_1	0	8	203	172	183	0.847	0.901
k__Viruses|p__Cressdnaviricota|c__Arfiviricetes|o__Cirlivirales|f__Circoviridae|g__Circovirus|s__Canine_circovirus__clade_1	0	6	291	155	207	0.533	0.711
k__Viruses|p__Cressdnaviricota|c__Arfiviricetes|o__Cirlivirales|f__Circoviridae|g__Circovirus|s__Canine_circovirus__clade_0	0	25	585	114	214	0.195	0.366
k__Viruses|p__Cressdnaviricota|c__Arfiviricetes|o__Cirlivirales|f__Circoviridae|g__Circovirus|s__Pigeon_circovirus__clade_7	0	8	440	129	188	0.293	0.427
k__Viruses|p__Cressdnaviricota|c__Arfiviricetes|o__Cirlivirales|f__Circoviridae|g__Circovirus|s__Goose_circovirus__clade_3	0	16	320	117	185	0.366	0.578
k__Viruses|p__Cressdnaviricota|c__Arfiviricetes|o__Cirlivirales|f__Circoviridae|g__Circovirus|s__Canine_circovirus__clade_2	0	8	331	131	219	0.396	0.662
k__Viruses|p__Cressdnaviricota|c__Arfiviricetes|o__Cirlivirales|f__Circoviridae|g__Circovirus|s__Beak_and_feather_disease_virus__clade_18	0	19	264	203	220	0.769	0.833
k__Viruses|p__Cressdnaviricota|c__Arfiviricetes|o__Cirlivirales|f__Circoviridae|g__Circovirus|s__Beak_and_feather_disease_virus__clade_24	0	11	547	116	201	0.212	0.367
k__Viruses|p__Cressdnaviricota|c__Arfiviricetes|o__Cirlivirales|f__Circoviridae|g__Circovirus|s__Duck_circovirus__clade_1	0	79	763	100	201	0.131	0.263
k__Viruses|p__Cressdnaviricota|c__Arfiviricetes|o__Cirlivirales|f__Circoviridae|g__Circovirus|s__Canine_circovirus__clade_5	0	9	334	136	214	0.407	0.641
k__Viruses|p__Cressdnaviricota|c__Arfiviricetes|o__Cirlivirales|f__Circoviridae|g__Circovirus|s__Beak_and_feather_disease_virus__clade_28	0	3	317	137	180	0.432	0.568
k__Viruses|p__Cressdnaviricota|c__Arfiviricetes|o__Cirlivirales|f__Circoviridae|g__Circovirus|s__Beak_and_feather_disease_virus__clade_37	0	10	292	167	209	0.572	0.716
k__Viruses|p__Cressdnaviricota|c__Arfiviricetes|o__Cirlivirales|f__Circoviridae|g__Circovirus|s__Goose_circovirus__clade_1	0	24	471	105	190	0.223	0.403
k__Viruses|p__Cressdnaviricota|c__Arfiviricetes|o__Cirlivirales|f__Circoviridae|g__Circovirus|s__Canine_circovirus__clade_3	0	6	390	137	213	0.351	0.546
k__Viruses|p__Cressdnaviricota|c__Arfiviricetes|o__Cirlivirales|f__Circoviridae|g__Circovirus|s__Goose_circovirus__clade_4	0	4	205	190	195	0.927	0.951
k__Viruses|p__Cressdnaviricota|c__Arfiviricetes|o__Cirlivirales|f__Circoviridae|g__Circovirus|s__Beak_and_feather_disease_virus__clade_12	0	7	294	175	213	0.595	0.724
k__Viruses|p__Cressdnaviricota|c__Arfiviricetes|o__Cirlivirales|f__Circoviridae|g__Circovirus|s__Pigeon_circovirus__clade_4	0	9	490	120	181	0.245	0.369
k__Viruses|p__Cressdnaviricota|c__Arfiviricetes|o__Cirlivirales|f__Circoviridae|g__Circovirus|s__Beak_and_feather_disease_virus__clade_26	0	15	438	126	226	0.288	0.516
k__Viruses|p__Cressdnaviricota|c__Arfiviricetes|o__Cirlivirales|f__Circoviridae|g__Circovirus|s__Beak_and_feather_disease_virus__clade_10	0	4	348	132	191	0.379	0.549
k__Viruses|p__Cressdnaviricota|c__Arfiviricetes|o__Cirlivirales|f__Circoviridae|g__Circovirus|s__Beak_and_feather_disease_virus__clade_5	0	43	766	107	212	0.14	0.277
k__Viruses|p__Cressdnaviricota|c__Arfiviricetes|o__Cirlivirales|f__Circoviridae|g__Circovirus|s__Beak_and_feather_disease_virus__clade_40	0	5	277	178	211	0.643	0.762
k__Viruses|p__Cressdnaviricota|c__Arfiviricetes|o__Cirlivirales|f__Circoviridae|g__Circovirus|s__Goose_circovirus__clade_2	0	14	338	116	193	0.343	0.571
k__Viruses|p__Cressdnaviricota|c__Arfiviricetes|o__Recrevirales|f__Redondoviridae|g__Torbevirus|s__Vientovirus__clade_2	0	3	483	231	282	0.478	0.584
k__Viruses|p__Cressdnaviricota|c__Arfiviricetes|o__Recrevirales|f__Redondoviridae|g__Torbevirus|s__Vientovirus__clade_0	0	3	435	232	295	0.533	0.678
k__Viruses|p__Artverviricota|c__Revtraviricetes|o__Ortervirales|f__Retroviridae|g__Deltaretrovirus|s__Primate_T_lymphotropic_virus_1__clade_0	0	3	1381	542	723	0.392	0.524
k__Viruses|p__Artverviricota|c__Revtraviricetes|o__Ortervirales|f__Retroviridae|g__Deltaretrovirus|s__Primate_T_lymphotropic_virus_2__clade_0	0	7	1374	517	829	0.376	0.603
k__Viruses|p__Artverviricota|c__Revtraviricetes|o__Ortervirales|f__Retroviridae|g__Lentivirus|s__Human_immunodeficiency_virus_1__clade_155	0	3	1497	591	657	0.395	0.439
k__Viruses|p__Artverviricota|c__Revtraviricetes|o__Ortervirales|f__Retroviridae|g__Lentivirus|s__Human_immunodeficiency_virus_1__clade_68	0	3	1457	564	735	0.387	0.504
k__Viruses|p__Artverviricota|c__Revtraviricetes|o__Ortervirales|f__Retroviridae|g__Lentivirus|s__Human_immunodeficiency_virus_1__clade_94	0	4	1442	545	889	0.378	0.617
k__Viruses|p__Artverviricota|c__Revtraviricetes|o__Ortervirales|f__Retroviridae|g__Lentivirus|s__Human_immunodeficiency_virus_1__clade_128	0	4	1499	663	806	0.442	0.538
k__Viruses|p__Artverviricota|c__Revtraviricetes|o__Ortervirales|f__Retroviridae|g__Lentivirus|s__Simian_immunodeficiency_virus__clade_6	0	4	1395	674	921	0.483	0.66
k__Viruses|p__Artverviricota|c__Revtraviricetes|o__Ortervirales|f__Retroviridae|g__Lentivirus|s__Human_immunodeficiency_virus_1__clade_12	0	3	1601	589	622	0.368	0.389
k__Viruses|p__Artverviricota|c__Revtraviricetes|o__Ortervirales|f__Retroviridae|g__Lentivirus|s__Human_immunodeficiency_virus_1__clade_130	0	6	1806	559	784	0.31	0.434
k__Viruses|p__Artverviricota|c__Revtraviricetes|o__Ortervirales|f__Retroviridae|g__Lentivirus|s__Human_immunodeficiency_virus_1__clade_73	0	11	2354	505	804	0.215	0.342
k__Viruses|p__Artverviricota|c__Revtraviricetes|o__Ortervirales|f__Retroviridae|g__Lentivirus|s__Human_immunodeficiency_virus_1__clade_70	0	4	1429	618	733	0.432	0.513
k__Viruses|p__Artverviricota|c__Revtraviricetes|o__Ortervirales|f__Retroviridae|g__Lentivirus|s__Human_immunodeficiency_virus_1__clade_50	0	4	1730	557	599	0.322	0.346
k__Viruses|p__Artverviricota|c__Revtraviricetes|o__Ortervirales|f__Retroviridae|g__Lentivirus|s__Human_immunodeficiency_virus_1__clade_105	0	4	1867	573	614	0.307	0.329
k__Viruses|p__Artverviricota|c__Revtraviricetes|o__Ortervirales|f__Retroviridae|g__Lentivirus|s__Human_immunodeficiency_virus_1__clade_85	0	4	1805	561	598	0.311	0.331
k__Viruses|p__Artverviricota|c__Revtraviricetes|o__Ortervirales|f__Retroviridae|g__Lentivirus|s__Simian_immunodeficiency_virus__clade_18	0	4	1566	666	766	0.425	0.489
k__Viruses|p__Artverviricota|c__Revtraviricetes|o__Ortervirales|f__Retroviridae|g__Lentivirus|s__Human_immunodeficiency_virus_1__clade_119	0	3	1425	573	738	0.402	0.518
k__Viruses|p__Artverviricota|c__Revtraviricetes|o__Ortervirales|f__Retroviridae|g__Lentivirus|s__Simian_immunodeficiency_virus__clade_22	0	5	1307	821	972	0.628	0.744
k__Viruses|p__Artverviricota|c__Revtraviricetes|o__Ortervirales|f__Retroviridae|g__Lentivirus|s__Human_immunodeficiency_virus_1__clade_14	0	10	2055	560	921	0.273	0.448
k__Viruses|p__Artverviricota|c__Revtraviricetes|o__Ortervirales|f__Retroviridae|g__Lentivirus|s__Human_immunodeficiency_virus_1__clade_67	0	7	1921	493	849	0.257	0.442
k__Viruses|p__Artverviricota|c__Revtraviricetes|o__Ortervirales|f__Retroviridae|g__Lentivirus|s__Human_immunodeficiency_virus_1__clade_174	0	3	1487	586	681	0.394	0.458
k__Viruses|p__Artverviricota|c__Revtraviricetes|o__Ortervirales|f__Retroviridae|g__Lentivirus|s__Human_immunodeficiency_virus_1__clade_131	0	4	1103	838	885	0.76	0.802
k__Viruses|p__Artverviricota|c__Revtraviricetes|o__Ortervirales|f__Retroviridae|g__Lentivirus|s__Human_immunodeficiency_virus_1__clade_134	0	3	1315	752	779	0.572	0.592
k__Viruses|p__Artverviricota|c__Revtraviricetes|o__Ortervirales|f__Retroviridae|g__Lentivirus|s__Human_immunodeficiency_virus_1__clade_48	0	4	1808	541	663	0.299	0.367
k__Viruses|p__Artverviricota|c__Revtraviricetes|o__Ortervirales|f__Retroviridae|g__Lentivirus|s__Human_immunodeficiency_virus_1__clade_93	0	5	1835	593	638	0.323	0.348
k__Viruses|p__Artverviricota|c__Revtraviricetes|o__Ortervirales|f__Retroviridae|g__Lentivirus|s__Human_immunodeficiency_virus_1__clade_111	0	3	1434	646	698	0.45	0.487
k__Viruses|p__Artverviricota|c__Revtraviricetes|o__Ortervirales|f__Retroviridae|g__Lentivirus|s__Human_immunodeficiency_virus_1__clade_121	0	5	1628	601	821	0.369	0.504
k__Viruses|p__Artverviricota|c__Revtraviricetes|o__Ortervirales|f__Retroviridae|g__Lentivirus|s__Human_immunodeficiency_virus_1__clade_129	0	5	1421	682	782	0.48	0.55
k__Viruses|p__Artverviricota|c__Revtraviricetes|o__Ortervirales|f__Retroviridae|g__Lentivirus|s__Human_immunodeficiency_virus_1__clade_38	0	5	1946	605	655	0.311	0.337
k__Viruses|p__Artverviricota|c__Revtraviricetes|o__Ortervirales|f__Retroviridae|g__Lentivirus|s__Human_immunodeficiency_virus_1__clade_1	0	8	2349	561	780	0.239	0.332
k__Viruses|p__Artverviricota|c__Revtraviricetes|o__Ortervirales|f__Retroviridae|g__Lentivirus|s__Human_immunodeficiency_virus_1__clade_44	0	3	1518	543	636	0.358	0.419
k__Viruses|p__Artverviricota|c__Revtraviricetes|o__Ortervirales|f__Retroviridae|g__Lentivirus|s__Human_immunodeficiency_virus_1__clade_101	0	3	1494	581	623	0.389	0.417
k__Viruses|p__Artverviricota|c__Revtraviricetes|o__Ortervirales|f__Retroviridae|g__Lentivirus|s__Human_immunodeficiency_virus_1__clade_135	0	3	1244	786	840	0.632	0.675
k__Viruses|p__Artverviricota|c__Revtraviricetes|o__Ortervirales|f__Retroviridae|g__Lentivirus|s__Human_immunodeficiency_virus_1__clade_76	0	3	1589	550	663	0.346	0.417
k__Viruses|p__Artverviricota|c__Revtraviricetes|o__Ortervirales|f__Retroviridae|g__Lentivirus|s__Human_immunodeficiency_virus_1__clade_0	0	5	1775	571	986	0.322	0.555
k__Viruses|p__Artverviricota|c__Revtraviricetes|o__Ortervirales|f__Retroviridae|g__Lentivirus|s__Human_immunodeficiency_virus_1__clade_125	0	3	1312	720	771	0.549	0.588
k__Viruses|p__Artverviricota|c__Revtraviricetes|o__Ortervirales|f__Retroviridae|g__Lentivirus|s__Human_immunodeficiency_virus_1__clade_97	0	3	1440	599	650	0.416	0.451
k__Viruses|p__Artverviricota|c__Revtraviricetes|o__Ortervirales|f__Retroviridae|g__Lentivirus|s__Simian_immunodeficiency_virus__clade_15	0	4	1752	590	726	0.337	0.414
k__Viruses|p__Artverviricota|c__Revtraviricetes|o__Ortervirales|f__Retroviridae|g__Lentivirus|s__Human_immunodeficiency_virus_1__clade_98	0	7	1417	584	838	0.412	0.591
k__Viruses|p__Artverviricota|c__Revtraviricetes|o__Ortervirales|f__Retroviridae|g__Lentivirus|s__Human_immunodeficiency_virus_1__clade_126	0	3	1234	745	827	0.604	0.67
k__Viruses|p__Artverviricota|c__Revtraviricetes|o__Ortervirales|f__Retroviridae|g__Lentivirus|s__Human_immunodeficiency_virus_1__clade_28	0	3	1639	607	612	0.37	0.373
k__Viruses|p__Artverviricota|c__Revtraviricetes|o__Ortervirales|f__Retroviridae|g__Lentivirus|s__Human_immunodeficiency_virus_1__clade_116	0	5	1872	583	663	0.311	0.354
k__Viruses|p__Artverviricota|c__Revtraviricetes|o__Ortervirales|f__Retroviridae|g__Lentivirus|s__Human_immunodeficiency_virus_1__clade_27	0	3	1203	813	841	0.676	0.699
k__Viruses|p__Artverviricota|c__Revtraviricetes|o__Ortervirales|f__Retroviridae|g__Lentivirus|s__Simian_immunodeficiency_virus__clade_16	0	4	1626	568	798	0.349	0.491
k__Viruses|p__Artverviricota|c__Revtraviricetes|o__Ortervirales|f__Retroviridae|g__Lentivirus|s__Human_immunodeficiency_virus_1__clade_120	0	8	1616	760	846	0.47	0.524
k__Viruses|p__Artverviricota|c__Revtraviricetes|o__Ortervirales|f__Retroviridae|g__Lentivirus|s__Simian_immunodeficiency_virus__clade_11	0	8	1760	659	953	0.374	0.541
k__Viruses|p__Artverviricota|c__Revtraviricetes|o__Ortervirales|f__Retroviridae|g__Lentivirus|s__Human_immunodeficiency_virus_1__clade_133	0	3	1338	723	747	0.54	0.558
k__Viruses|p__Artverviricota|c__Revtraviricetes|o__Ortervirales|f__Retroviridae|g__Lentivirus|s__Human_immunodeficiency_virus_1__clade_52	0	3	1523	584	595	0.383	0.391
k__Viruses|p__Artverviricota|c__Revtraviricetes|o__Ortervirales|f__Retroviridae|g__Lentivirus|s__Human_immunodeficiency_virus_1__clade_13	0	3	1629	586	619	0.36	0.38
k__Viruses|p__Artverviricota|c__Revtraviricetes|o__Ortervirales|f__Retroviridae|g__Lentivirus|s__Human_immunodeficiency_virus_2__clade_33	0	3	1452	678	787	0.467	0.542
k__Viruses|p__Artverviricota|c__Revtraviricetes|o__Ortervirales|f__Retroviridae|g__Lentivirus|s__Human_immunodeficiency_virus_1__clade_77	0	4	1641	614	665	0.374	0.405
k__Viruses|p__Artverviricota|c__Revtraviricetes|o__Ortervirales|f__Retroviridae|g__Lentivirus|s__Human_immunodeficiency_virus_1__clade_39	0	9	2018	564	867	0.279	0.43
k__Viruses|p__Artverviricota|c__Revtraviricetes|o__Ortervirales|f__Retroviridae|g__Lentivirus|s__Human_immunodeficiency_virus_1__clade_132	0	6	1924	584	720	0.304	0.374
k__Viruses|p__Artverviricota|c__Revtraviricetes|o__Ortervirales|f__Retroviridae|g__Lentivirus|s__Human_immunodeficiency_virus_1__clade_79	0	3	1470	596	667	0.405	0.454
k__Viruses|p__Artverviricota|c__Revtraviricetes|o__Ortervirales|f__Retroviridae|g__Felispumavirus|s__Feline_foamy_virus	0	3	1363	790	1073	0.58	0.787
k__Viruses|p__Artverviricota|c__Revtraviricetes|o__Blubervirales|f__Hepadnaviridae|g__Orthohepadnavirus|s__Hepatitis_B_virus__clade_0	0	11	1070	33	291	0.031	0.272
k__Viruses|p__Artverviricota|c__Revtraviricetes|o__Blubervirales|f__Hepadnaviridae|g__Orthohepadnavirus|s__Hepatitis_B_virus__clade_13	0	6	689	200	286	0.29	0.415
k__Viruses|p__Artverviricota|c__Revtraviricetes|o__Blubervirales|f__Hepadnaviridae|g__Orthohepadnavirus|s__Hepatitis_B_virus__clade_2	0	4	552	213	287	0.386	0.52
k__Viruses|p__Artverviricota|c__Revtraviricetes|o__Blubervirales|f__Hepadnaviridae|g__Orthohepadnavirus|s__Hepatitis_B_virus__clade_17	0	12	515	263	344	0.511	0.668
k__Viruses|p__Artverviricota|c__Revtraviricetes|o__Blubervirales|f__Hepadnaviridae|g__Orthohepadnavirus|s__Hepatitis_B_virus__clade_3	0	3	352	337	338	0.957	0.96
k__Viruses|p__Artverviricota|c__Revtraviricetes|o__Blubervirales|f__Hepadnaviridae|g__Orthohepadnavirus|s__Hepatitis_B_virus__clade_4	0	3	454	259	320	0.57	0.705
k__Viruses|p__Artverviricota|c__Revtraviricetes|o__Blubervirales|f__Hepadnaviridae|g__Orthohepadnavirus|s__Hepatitis_B_virus__clade_15	0	4	554	222	298	0.401	0.538
k__Viruses|p__Artverviricota|c__Revtraviricetes|o__Blubervirales|f__Hepadnaviridae|g__Orthohepadnavirus|s__Hepatitis_B_virus__clade_1	0	5	516	203	283	0.393	0.548
k__Viruses|p__Taleaviricota|c__Tokiviricetes|o__Ligamenvirales|f__Rudiviridae|g__Usarudivirus|s__Sulfolobus_islandicus_rod_shaped_virus	0	3	3898	1746	1983	0.448	0.509
k__Viruses|p__Duplornaviricota|c__Resentoviricetes|o__Reovirales|f__Spinareoviridae|g__Orthoreovirus|s__Avian_orthoreovirus__clade_3	0	3	2322	2168	2212	0.934	0.953
k__Viruses|p__Duplornaviricota|c__Resentoviricetes|o__Reovirales|f__Spinareoviridae|g__Orthoreovirus|s__Avian_orthoreovirus__clade_9	0	5	3425	1590	1910	0.464	0.558
k__Viruses|p__Duplornaviricota|c__Resentoviricetes|o__Reovirales|f__Spinareoviridae|g__Orthoreovirus|s__Avian_orthoreovirus__clade_1	0	11	2628	2089	2215	0.795	0.843
k__Viruses|p__Duplornaviricota|c__Resentoviricetes|o__Reovirales|f__Sedoreoviridae|g__Rotavirus|s__Rotavirus_A__clade_11	0	7	3244	1087	1796	0.335	0.554
k__Viruses|p__Duplornaviricota|c__Resentoviricetes|o__Reovirales|f__Sedoreoviridae|g__Rotavirus|s__Rotavirus_A__clade_119	0	9	1911	653	1162	0.342	0.608
k__Viruses|p__Duplornaviricota|c__Resentoviricetes|o__Reovirales|f__Sedoreoviridae|g__Rotavirus|s__Rotavirus_A__clade_61	0	3	2083	1362	1583	0.654	0.76
k__Viruses|p__Duplornaviricota|c__Resentoviricetes|o__Reovirales|f__Sedoreoviridae|g__Rotavirus|s__Rotavirus_A__clade_49	0	14	3741	1011	1684	0.27	0.45
k__Viruses|p__Duplornaviricota|c__Resentoviricetes|o__Reovirales|f__Sedoreoviridae|g__Rotavirus|s__Rotavirus_A__clade_36	0	17	3015	1030	1626	0.342	0.539
k__Viruses|p__Duplornaviricota|c__Resentoviricetes|o__Reovirales|f__Sedoreoviridae|g__Rotavirus|s__Rotavirus_A__clade_151	0	4	2493	1019	1605	0.409	0.644
k__Viruses|p__Duplornaviricota|c__Resentoviricetes|o__Reovirales|f__Sedoreoviridae|g__Rotavirus|s__Rotavirus_A__clade_84	0	8	2904	964	1607	0.332	0.553
k__Viruses|p__Duplornaviricota|c__Resentoviricetes|o__Reovirales|f__Sedoreoviridae|g__Rotavirus|s__Rotavirus_A__clade_7	0	555	9478	742	1778	0.078	0.188
k__Viruses|p__Duplornaviricota|c__Resentoviricetes|o__Reovirales|f__Sedoreoviridae|g__Rotavirus|s__Rotavirus_A__clade_54	0	5	2429	1139	1790	0.469	0.737
k__Viruses|p__Duplornaviricota|c__Resentoviricetes|o__Reovirales|f__Sedoreoviridae|g__Rotavirus|s__Rotavirus_A__clade_25	0	36	2300	1458	1706	0.634	0.742
k__Viruses|p__Duplornaviricota|c__Resentoviricetes|o__Reovirales|f__Sedoreoviridae|g__Rotavirus|s__Rotavirus_A__clade_65	0	3	2494	935	1390	0.375	0.557
k__Viruses|p__Duplornaviricota|c__Resentoviricetes|o__Reovirales|f__Sedoreoviridae|g__Rotavirus|s__Rotavirus_A__clade_26	0	3	2714	953	1183	0.351	0.436
k__Viruses|p__Duplornaviricota|c__Resentoviricetes|o__Reovirales|f__Sedoreoviridae|g__Rotavirus|s__Rotavirus_A__clade_2	0	5	1875	1635	1773	0.872	0.946
k__Viruses|p__Duplornaviricota|c__Resentoviricetes|o__Reovirales|f__Sedoreoviridae|g__Rotavirus|s__Rotavirus_B__clade_0	0	6	2650	1255	1776	0.474	0.67
k__Viruses|p__Duplornaviricota|c__Resentoviricetes|o__Reovirales|f__Sedoreoviridae|g__Rotavirus|s__Rotavirus_A__clade_127	0	3	2791	961	1180	0.344	0.423
k__Viruses|p__Duplornaviricota|c__Resentoviricetes|o__Reovirales|f__Sedoreoviridae|g__Rotavirus|s__Rotavirus_A__clade_28	0	4	1329	875	968	0.658	0.728
k__Viruses|p__Duplornaviricota|c__Resentoviricetes|o__Reovirales|f__Sedoreoviridae|g__Rotavirus|s__Rotavirus_A__clade_143	0	6	2129	1516	1744	0.712	0.819
k__Viruses|p__Duplornaviricota|c__Resentoviricetes|o__Reovirales|f__Sedoreoviridae|g__Rotavirus|s__Rotavirus_A__clade_45	0	7	2399	1348	1743	0.562	0.727
k__Viruses|p__Duplornaviricota|c__Resentoviricetes|o__Reovirales|f__Sedoreoviridae|g__Rotavirus|s__Rotavirus_A__clade_100	0	83	2889	454	894	0.157	0.309
k__Viruses|p__Duplornaviricota|c__Resentoviricetes|o__Reovirales|f__Sedoreoviridae|g__Rotavirus|s__Rotavirus_A__clade_155	0	5	1069	851	956	0.796	0.894
k__Viruses|p__Duplornaviricota|c__Resentoviricetes|o__Reovirales|f__Sedoreoviridae|g__Rotavirus|s__Rotavirus_A__clade_168	0	5	1160	917	997	0.791	0.859
k__Viruses|p__Duplornaviricota|c__Resentoviricetes|o__Reovirales|f__Sedoreoviridae|g__Rotavirus|s__Rotavirus_A__clade_20	0	16	2121	1155	1642	0.545	0.774
k__Viruses|p__Duplornaviricota|c__Resentoviricetes|o__Reovirales|f__Sedoreoviridae|g__Rotavirus|s__Rotavirus_A__clade_47	0	170	4980	849	1726	0.17	0.347
k__Viruses|p__Duplornaviricota|c__Resentoviricetes|o__Reovirales|f__Sedoreoviridae|g__Rotavirus|s__Rotavirus_A__clade_115	0	3	2128	1484	1676	0.697	0.788
k__Viruses|p__Duplornaviricota|c__Resentoviricetes|o__Reovirales|f__Sedoreoviridae|g__Rotavirus|s__Rotavirus_A__clade_88	0	6	2448	1211	1674	0.495	0.684
k__Viruses|p__Duplornaviricota|c__Resentoviricetes|o__Reovirales|f__Sedoreoviridae|g__Rotavirus|s__Rotavirus_A__clade_101	0	25	2333	441	874	0.189	0.375
k__Viruses|p__Duplornaviricota|c__Resentoviricetes|o__Reovirales|f__Sedoreoviridae|g__Rotavirus|s__Rotavirus_A__clade_4	0	27	2567	1267	1668	0.494	0.65
k__Viruses|p__Duplornaviricota|c__Resentoviricetes|o__Reovirales|f__Sedoreoviridae|g__Rotavirus|s__Rotavirus_A__clade_113	0	4	1560	626	1076	0.401	0.69
k__Viruses|p__Duplornaviricota|c__Resentoviricetes|o__Reovirales|f__Sedoreoviridae|g__Rotavirus|s__Rotavirus_A__clade_185	0	3	2446	944	1193	0.386	0.488
k__Viruses|p__Duplornaviricota|c__Resentoviricetes|o__Reovirales|f__Sedoreoviridae|g__Rotavirus|s__Rotavirus_A__clade_102	0	7	1678	501	815	0.299	0.486
k__Viruses|p__Duplornaviricota|c__Resentoviricetes|o__Reovirales|f__Sedoreoviridae|g__Rotavirus|s__Rotavirus_A__clade_51	0	3	2565	1068	1650	0.416	0.643
k__Viruses|p__Duplornaviricota|c__Resentoviricetes|o__Reovirales|f__Sedoreoviridae|g__Rotavirus|s__Rotavirus_A__clade_38	0	7	2827	986	1653	0.349	0.585
k__Viruses|p__Duplornaviricota|c__Resentoviricetes|o__Reovirales|f__Sedoreoviridae|g__Rotavirus|s__Rotavirus_C__clade_0	0	27	3735	1039	1741	0.278	0.466
k__Viruses|p__Duplornaviricota|c__Resentoviricetes|o__Reovirales|f__Sedoreoviridae|g__Rotavirus|s__Rotavirus_A__clade_40	0	5	1780	1613	1643	0.906	0.923
k__Viruses|p__Duplornaviricota|c__Resentoviricetes|o__Reovirales|f__Sedoreoviridae|g__Rotavirus|s__Rotavirus_A__clade_165	0	8	983	923	949	0.939	0.965
k__Viruses|p__Duplornaviricota|c__Resentoviricetes|o__Reovirales|f__Sedoreoviridae|g__Rotavirus|s__Rotavirus_C__clade_5	0	7	3375	977	1732	0.289	0.513
k__Viruses|p__Duplornaviricota|c__Resentoviricetes|o__Reovirales|f__Sedoreoviridae|g__Rotavirus|s__Rotavirus_A__clade_10	0	4	1956	1481	1661	0.757	0.849
k__Viruses|p__Duplornaviricota|c__Resentoviricetes|o__Reovirales|f__Sedoreoviridae|g__Rotavirus|s__Rotavirus_A__clade_46	0	5	2050	1543	1728	0.753	0.843
k__Viruses|p__Duplornaviricota|c__Resentoviricetes|o__Reovirales|f__Sedoreoviridae|g__Rotavirus|s__Rotavirus_A__clade_31	0	3	2302	773	1248	0.336	0.542
k__Viruses|p__Duplornaviricota|c__Resentoviricetes|o__Reovirales|f__Sedoreoviridae|g__Rotavirus|s__Rotavirus_A__clade_72	0	3	2726	1082	1174	0.397	0.431
k__Viruses|p__Duplornaviricota|c__Resentoviricetes|o__Reovirales|f__Sedoreoviridae|g__Rotavirus|s__Rotavirus_A__clade_97	0	5	2045	1672	1768	0.818	0.865
k__Viruses|p__Duplornaviricota|c__Resentoviricetes|o__Reovirales|f__Sedoreoviridae|g__Rotavirus|s__Rotavirus_A__clade_6	0	1102	10686	692	1743	0.065	0.163
k__Viruses|p__Duplornaviricota|c__Resentoviricetes|o__Reovirales|f__Sedoreoviridae|g__Rotavirus|s__Rotavirus_A__clade_37	0	4	1845	1700	1736	0.921	0.941
k__Viruses|p__Duplornaviricota|c__Resentoviricetes|o__Reovirales|f__Sedoreoviridae|g__Rotavirus|s__Rotavirus_A__clade_167	0	10	1312	568	933	0.433	0.711
k__Viruses|p__Duplornaviricota|c__Resentoviricetes|o__Reovirales|f__Sedoreoviridae|g__Rotavirus|s__Rotavirus_A__clade_83	0	4	2637	1001	1617	0.38	0.613
k__Viruses|p__Duplornaviricota|c__Resentoviricetes|o__Reovirales|f__Sedoreoviridae|g__Rotavirus|s__Rotavirus_A__clade_166	0	17	2473	555	1075	0.224	0.435
k__Viruses|p__Duplornaviricota|c__Resentoviricetes|o__Reovirales|f__Sedoreoviridae|g__Rotavirus|s__Rotavirus_A__clade_116	0	4	1435	949	1092	0.661	0.761
k__Viruses|p__Duplornaviricota|c__Resentoviricetes|o__Reovirales|f__Sedoreoviridae|g__Rotavirus|s__Rotavirus_A__clade_1	0	4	2324	1178	1700	0.507	0.731
k__Viruses|p__Duplornaviricota|c__Resentoviricetes|o__Reovirales|f__Sedoreoviridae|g__Rotavirus|s__Rotavirus_A__clade_62	0	48	3920	864	1670	0.22	0.426
k__Viruses|p__Duplornaviricota|c__Resentoviricetes|o__Reovirales|f__Sedoreoviridae|g__Orbivirus|s__Bluetongue_virus__clade_9	0	6	1993	1818	1876	0.912	0.941
k__Viruses|p__Duplornaviricota|c__Resentoviricetes|o__Reovirales|f__Sedoreoviridae|g__Orbivirus|s__Bluetongue_virus__clade_27	0	5	2800	1124	1879	0.401	0.671
k__Viruses|p__Duplornaviricota|c__Resentoviricetes|o__Reovirales|f__Sedoreoviridae|g__Orbivirus|s__Bluetongue_virus__clade_19	0	7	3286	1088	1921	0.331	0.585
k__Viruses|p__Duplornaviricota|c__Resentoviricetes|o__Reovirales|f__Sedoreoviridae|g__Orbivirus|s__African_horse_sickness_virus__clade_1	0	83	4410	1035	2001	0.235	0.454
k__Viruses|p__Duplornaviricota|c__Resentoviricetes|o__Reovirales|f__Sedoreoviridae|g__Orbivirus|s__African_horse_sickness_virus__clade_4	0	14	4130	1148	2000	0.278	0.484
k__Viruses|p__Duplornaviricota|c__Resentoviricetes|o__Reovirales|f__Sedoreoviridae|g__Orbivirus|s__African_horse_sickness_virus__clade_2	0	15	3824	1245	1975	0.326	0.516
k__Viruses|p__Duplornaviricota|c__Resentoviricetes|o__Reovirales|f__Sedoreoviridae|g__Orbivirus|s__Bluetongue_virus__clade_8	0	9	2042	1730	1813	0.847	0.888
k__Viruses|p__Duplornaviricota|c__Resentoviricetes|o__Reovirales|f__Sedoreoviridae|g__Orbivirus|s__Bluetongue_virus__clade_5	0	11	3275	1133	1916	0.346	0.585
k__Viruses|p__Duplornaviricota|c__Resentoviricetes|o__Reovirales|f__Sedoreoviridae|g__Orbivirus|s__Bluetongue_virus__clade_12	0	8	3120	1119	1897	0.359	0.608
k__Viruses|p__Duplornaviricota|c__Resentoviricetes|o__Reovirales|f__Sedoreoviridae|g__Orbivirus|s__Bluetongue_virus__clade_23	0	7	2906	1318	1881	0.454	0.647
k__Viruses|p__Duplornaviricota|c__Resentoviricetes|o__Reovirales|f__Sedoreoviridae|g__Orbivirus|s__Bluetongue_virus__clade_15	0	5	3083	1220	1913	0.396	0.62
k__Viruses|p__Duplornaviricota|c__Resentoviricetes|o__Reovirales|f__Sedoreoviridae|g__Orbivirus|s__Bluetongue_virus__clade_4	0	10	3438	1119	1957	0.325	0.569
k__Viruses|p__Duplornaviricota|c__Resentoviricetes|o__Reovirales|f__Sedoreoviridae|g__Orbivirus|s__Bluetongue_virus__clade_11	0	9	3172	1048	1890	0.33	0.596
k__Viruses|p__Duplornaviricota|c__Resentoviricetes|o__Reovirales|f__Sedoreoviridae|g__Orbivirus|s__Bluetongue_virus__clade_10	0	3	2393	1360	1844	0.568	0.771
k__Viruses|p__Duplornaviricota|c__Resentoviricetes|o__Reovirales|f__Sedoreoviridae|g__Orbivirus|s__African_horse_sickness_virus__clade_6	0	16	4017	1078	1974	0.268	0.491
k__Viruses|p__Duplornaviricota|c__Resentoviricetes|o__Reovirales|f__Sedoreoviridae|g__Orbivirus|s__Bluetongue_virus__clade_35	0	3	2924	1257	1387	0.43	0.474
k__Viruses|p__Duplornaviricota|c__Resentoviricetes|o__Reovirales|f__Sedoreoviridae|g__Orbivirus|s__Bluetongue_virus__clade_20	0	8	2755	1156	1934	0.42	0.702
k__Viruses|p__Duplornaviricota|c__Resentoviricetes|o__Reovirales|f__Sedoreoviridae|g__Orbivirus|s__African_horse_sickness_virus__clade_3	0	4	2706	1265	1976	0.467	0.73
k__Viruses|p__Duplornaviricota|c__Resentoviricetes|o__Reovirales|f__Sedoreoviridae|g__Orbivirus|s__Bluetongue_virus__clade_3	0	16	4418	938	1928	0.212	0.436
k__Viruses|p__Duplornaviricota|c__Resentoviricetes|o__Reovirales|f__Sedoreoviridae|g__Orbivirus|s__Bluetongue_virus__clade_7	0	4	2673	1350	1787	0.505	0.669
k__Viruses|p__Duplornaviricota|c__Resentoviricetes|o__Reovirales|f__Sedoreoviridae|g__Orbivirus|s__African_horse_sickness_virus__clade_5	0	38	5066	1018	2004	0.201	0.396
k__Viruses|p__Duplornaviricota|c__Resentoviricetes|o__Reovirales|f__Sedoreoviridae|g__Orbivirus|s__Bluetongue_virus__clade_2	0	3	1958	1798	1865	0.918	0.953
k__Viruses|p__Duplornaviricota|c__Resentoviricetes|o__Reovirales|f__Sedoreoviridae|g__Orbivirus|s__Bluetongue_virus__clade_18	0	3	2582	1295	1891	0.502	0.732
k__Viruses|p__Duplornaviricota|c__Resentoviricetes|o__Reovirales|f__Sedoreoviridae|g__Orbivirus|s__African_horse_sickness_virus__clade_8	0	14	3731	1225	1993	0.328	0.534
k__Viruses|p__Duplornaviricota|c__Resentoviricetes|o__Reovirales|f__Sedoreoviridae|g__Orbivirus|s__African_horse_sickness_virus__clade_9	0	7	3178	1341	1975	0.422	0.621
k__Viruses|p__Duplornaviricota|c__Resentoviricetes|o__Reovirales|f__Sedoreoviridae|g__Orbivirus|s__African_horse_sickness_virus__clade_7	0	20	4056	1244	2015	0.307	0.497
k__Viruses|p__Duplornaviricota|c__Resentoviricetes|o__Reovirales|f__Sedoreoviridae|g__Orbivirus|s__Bluetongue_virus__clade_6	0	6	2976	967	1946	0.325	0.654
k__Viruses|p__Duplornaviricota|c__Resentoviricetes|o__Reovirales|f__Sedoreoviridae|g__Orbivirus|s__Bluetongue_virus__clade_0	0	3	1970	1834	1866	0.931	0.947
k__Viruses|p__Duplornaviricota|c__Vidaverviricetes|o__Mindivirales|f__Cystoviridae|g__Cystovirus|s__Cystovirus_phi6	0	4	1406	1314	1343	0.935	0.955
k__Viruses|p__Duplornaviricota|c__Vidaverviricetes|o__Mindivirales|f__Cystoviridae|g__Cystovirus|s__Cystovirus_CAP4	0	4	1308	1303	1305	0.996	0.998
k__Viruses|p__Preplasmiviricota|c__Maveriviricetes|o__Priklausovirales|f__Lavidaviridae|g__Sputnikvirus|s__Mimivirus_dependent_virus_Sputnik	0	5	1640	1594	1623	0.972	0.99
k__Viruses|p__Preplasmiviricota|c__Tectiliviricetes|o__Kalamavirales|f__Tectiviridae|g__Betatectivirus|s__Betatectivirus_Bam35	0	3	2726	278	1496	0.102	0.549
k__Viruses|p__Preplasmiviricota|c__Tectiliviricetes|o__Kalamavirales|f__Tectiviridae|g__Alphatectivirus|s__Alphatectivirus_PRD1	0	8	2415	1003	1482	0.415	0.614
k__Viruses|p__Preplasmiviricota|c__Tectiliviricetes|o__Rowavirales|f__Adenoviridae|g__Atadenovirus|s__Duck_atadenovirus_A	0	10	3782	2917	3305	0.771	0.874
k__Viruses|p__Preplasmiviricota|c__Tectiliviricetes|o__Rowavirales|f__Adenoviridae|g__Atadenovirus|s__Bovine_adenovirus_F	0	4	2972	2538	2728	0.854	0.918
k__Viruses|p__Preplasmiviricota|c__Tectiliviricetes|o__Rowavirales|f__Adenoviridae|g__Atadenovirus|s__Deer_atadenovirus_A	0	12	2868	2720	2787	0.948	0.972
k__Viruses|p__Preplasmiviricota|c__Tectiliviricetes|o__Rowavirales|f__Adenoviridae|g__Mastadenovirus|s__Human_mastadenovirus_B__clade_1	0	161	5532	2542	3525	0.46	0.637
k__Viruses|p__Preplasmiviricota|c__Tectiliviricetes|o__Rowavirales|f__Adenoviridae|g__Mastadenovirus|s__Bat_mastadenovirus_C	0	3	5116	2807	2907	0.549	0.568
k__Viruses|p__Preplasmiviricota|c__Tectiliviricetes|o__Rowavirales|f__Adenoviridae|g__Mastadenovirus|s__Human_mastadenovirus_A__clade_1	0	135	7112	778	3435	0.109	0.483
k__Viruses|p__Preplasmiviricota|c__Tectiliviricetes|o__Rowavirales|f__Adenoviridae|g__Mastadenovirus|s__Human_mastadenovirus_G__clade_0	0	20	8550	2015	3117	0.236	0.365
k__Viruses|p__Preplasmiviricota|c__Tectiliviricetes|o__Rowavirales|f__Adenoviridae|g__Mastadenovirus|s__Human_mastadenovirus_D__clade_0	0	163	14028	1874	3549	0.134	0.253
k__Viruses|p__Preplasmiviricota|c__Tectiliviricetes|o__Rowavirales|f__Adenoviridae|g__Mastadenovirus|s__Simian_adenovirus_B__clade_1	0	4	4504	2781	3227	0.617	0.716
k__Viruses|p__Preplasmiviricota|c__Tectiliviricetes|o__Rowavirales|f__Adenoviridae|g__Mastadenovirus|s__Canine_mastadenovirus_A__clade_1	0	5	3626	2903	3214	0.801	0.886
k__Viruses|p__Preplasmiviricota|c__Tectiliviricetes|o__Rowavirales|f__Adenoviridae|g__Mastadenovirus|s__Simian_mastadenovirus_A	0	3	5819	1857	2144	0.319	0.368
k__Viruses|p__Preplasmiviricota|c__Tectiliviricetes|o__Rowavirales|f__Adenoviridae|g__Mastadenovirus|s__Simian_adenovirus_B__clade_0	0	10	6412	2293	3161	0.358	0.493
k__Viruses|p__Preplasmiviricota|c__Tectiliviricetes|o__Rowavirales|f__Adenoviridae|g__Mastadenovirus|s__Human_mastadenovirus_F__clade_0	0	40	4177	2584	3457	0.619	0.828
k__Viruses|p__Preplasmiviricota|c__Tectiliviricetes|o__Rowavirales|f__Adenoviridae|g__Mastadenovirus|s__Human_mastadenovirus_C__clade_1	0	13	6305	2182	3684	0.346	0.584
k__Viruses|p__Preplasmiviricota|c__Tectiliviricetes|o__Rowavirales|f__Adenoviridae|g__Mastadenovirus|s__Ovine_mastadenovirus_A	0	3	3518	3057	3275	0.869	0.931
k__Viruses|p__Preplasmiviricota|c__Tectiliviricetes|o__Rowavirales|f__Adenoviridae|g__Mastadenovirus|s__Porcine_mastadenovirus_C	0	3	3886	2888	3383	0.743	0.871
k__Viruses|p__Preplasmiviricota|c__Tectiliviricetes|o__Rowavirales|f__Adenoviridae|g__Mastadenovirus|s__Porcine_mastadenovirus_B	0	3	3581	2830	3210	0.79	0.896
k__Viruses|p__Preplasmiviricota|c__Tectiliviricetes|o__Rowavirales|f__Adenoviridae|g__Mastadenovirus|s__Human_mastadenovirus_B__clade_0	0	5	5296	2229	3540	0.421	0.668
k__Viruses|p__Preplasmiviricota|c__Tectiliviricetes|o__Rowavirales|f__Adenoviridae|g__Mastadenovirus|s__Porcine_mastadenovirus_A	0	5	3181	3099	3140	0.974	0.987
k__Viruses|p__Preplasmiviricota|c__Tectiliviricetes|o__Rowavirales|f__Adenoviridae|g__Mastadenovirus|s__Simian_mastadenovirus_C__clade_0	0	3	4638	2380	3514	0.513	0.758
k__Viruses|p__Preplasmiviricota|c__Tectiliviricetes|o__Rowavirales|f__Adenoviridae|g__Mastadenovirus|s__Human_mastadenovirus_E__clade_1	0	96	7498	771	3559	0.103	0.475
k__Viruses|p__Preplasmiviricota|c__Tectiliviricetes|o__Rowavirales|f__Adenoviridae|g__Mastadenovirus|s__Human_mastadenovirus_E__clade_0	0	18	7382	2093	3576	0.284	0.484
k__Viruses|p__Preplasmiviricota|c__Tectiliviricetes|o__Rowavirales|f__Adenoviridae|g__Mastadenovirus|s__Human_mastadenovirus_F__clade_1	0	157	5527	2334	3559	0.422	0.644
k__Viruses|p__Preplasmiviricota|c__Tectiliviricetes|o__Rowavirales|f__Adenoviridae|g__Mastadenovirus|s__Bovine_mastadenovirus_B	0	4	4487	2411	3459	0.537	0.771
k__Viruses|p__Preplasmiviricota|c__Tectiliviricetes|o__Rowavirales|f__Adenoviridae|g__Mastadenovirus|s__Canine_mastadenovirus_A__clade_0	0	6	3238	2965	3078	0.916	0.951
k__Viruses|p__Preplasmiviricota|c__Tectiliviricetes|o__Rowavirales|f__Adenoviridae|g__Mastadenovirus|s__Human_mastadenovirus_B__clade_2	0	466	10318	667	3569	0.065	0.346
k__Viruses|p__Preplasmiviricota|c__Tectiliviricetes|o__Rowavirales|f__Adenoviridae|g__Mastadenovirus|s__Human_mastadenovirus_A__clade_0	0	11	4054	2986	3434	0.737	0.847
k__Viruses|p__Preplasmiviricota|c__Tectiliviricetes|o__Rowavirales|f__Adenoviridae|g__Mastadenovirus|s__Tree_shrew_mastadenovirus_A	0	3	4742	2146	3433	0.453	0.724
k__Viruses|p__Preplasmiviricota|c__Tectiliviricetes|o__Rowavirales|f__Adenoviridae|g__Mastadenovirus|s__Human_mastadenovirus_B__clade_3	0	18	8795	1957	3578	0.223	0.407
k__Viruses|p__Preplasmiviricota|c__Tectiliviricetes|o__Rowavirales|f__Adenoviridae|g__Mastadenovirus|s__Human_mastadenovirus_C__clade_0	0	227	10020	1719	3689	0.172	0.368
k__Viruses|p__Preplasmiviricota|c__Tectiliviricetes|o__Rowavirales|f__Adenoviridae|g__Mastadenovirus|s__Human_mastadenovirus_D__clade_1	0	84	5148	2608	3547	0.507	0.689
k__Viruses|p__Preplasmiviricota|c__Tectiliviricetes|o__Rowavirales|f__Adenoviridae|g__Siadenovirus|s__Turkey_siadenovirus_A	0	9	2587	2424	2524	0.937	0.976
k__Viruses|p__Preplasmiviricota|c__Tectiliviricetes|o__Rowavirales|f__Adenoviridae|g__Aviadenovirus|s__Fowl_aviadenovirus_A	0	11	4997	3734	4281	0.747	0.857
k__Viruses|p__Preplasmiviricota|c__Tectiliviricetes|o__Rowavirales|f__Adenoviridae|g__Aviadenovirus|s__Fowl_aviadenovirus_D	0	29	7862	2518	4207	0.32	0.535
k__Viruses|p__Preplasmiviricota|c__Tectiliviricetes|o__Rowavirales|f__Adenoviridae|g__Aviadenovirus|s__Duck_aviadenovirus_B	0	34	5551	2976	4154	0.536	0.748
k__Viruses|p__Preplasmiviricota|c__Tectiliviricetes|o__Rowavirales|f__Adenoviridae|g__Aviadenovirus|s__Fowl_aviadenovirus_E	0	32	8729	2915	4202	0.334	0.481
k__Viruses|p__Preplasmiviricota|c__Tectiliviricetes|o__Rowavirales|f__Adenoviridae|g__Aviadenovirus|s__Fowl_aviadenovirus_C	0	82	6045	3570	4381	0.591	0.725
k__Viruses|p__Preplasmiviricota|c__Tectiliviricetes|o__Rowavirales|f__Adenoviridae|g__Aviadenovirus|s__Fowl_aviadenovirus_B__clade_0	0	18	5507	3759	4405	0.683	0.8
k__Viruses|p__Pisuviricota|c__Duplopiviricetes|o__Durnavirales|f__Partitiviridae|g__Alphapartitivirus|s__Vicia_cryptic_virus	0	5	412	334	352	0.811	0.854
k__Viruses|p__Pisuviricota|c__Pisoniviricetes|o__Nidovirales|f__Coronaviridae|g__Betacoronavirus|s__Murine_coronavirus	0	3	4193	1763	2955	0.42	0.705
k__Viruses|p__Pisuviricota|c__Pisoniviricetes|o__Nidovirales|f__Coronaviridae|g__Betacoronavirus|s__Severe_acute_respiratory_syndrome_related_coronavirus__clade_1	0	92	3045	2896	2926	0.951	0.961
k__Viruses|p__Pisuviricota|c__Pisoniviricetes|o__Nidovirales|f__Coronaviridae|g__Alphacoronavirus|s__Porcine_epidemic_diarrhea_virus	0	44	3473	2063	2702	0.594	0.778
k__Viruses|p__Pisuviricota|c__Pisoniviricetes|o__Nidovirales|f__Coronaviridae|g__Alphacoronavirus|s__Alphacoronavirus_1__clade_1	0	3	3805	1722	2570	0.453	0.675
k__Viruses|p__Pisuviricota|c__Stelpaviricetes|o__Patatavirales|f__Potyviridae|g__Potyvirus|s__Plum_pox_virus__clade_0	0	7	1535	656	994	0.427	0.648
k__Viruses|p__Negarnaviricota|c__Ellioviricetes|o__Bunyavirales|f__Peribunyaviridae|g__Orthobunyavirus|s__Guaroa_orthobunyavirus__clade_1	0	11	2078	970	1256	0.467	0.604
k__Viruses|p__Negarnaviricota|c__Ellioviricetes|o__Bunyavirales|f__Peribunyaviridae|g__Orthobunyavirus|s__La_Crosse_orthobunyavirus	0	3	1604	987	1233	0.615	0.769
k__Viruses|p__Negarnaviricota|c__Ellioviricetes|o__Bunyavirales|f__Peribunyaviridae|g__Orthobunyavirus|s__Cache_Valley_orthobunyavirus	0	3	1734	814	1136	0.469	0.655
k__Viruses|p__Negarnaviricota|c__Ellioviricetes|o__Bunyavirales|f__Phenuiviridae|g__Bandavirus|s__Dabie_bandavirus	0	235	5948	477	1178	0.08	0.198
k__Viruses|p__Negarnaviricota|c__Monjiviricetes|o__Mononegavirales|f__Filoviridae|g__Ebolavirus|s__Zaire_ebolavirus	0	3	2380	1499	1908	0.63	0.802
k__Viruses|p__Negarnaviricota|c__Monjiviricetes|o__Mononegavirales|f__Paramyxoviridae|g__Respirovirus|s__Human_respirovirus_3	0	3	2326	1004	1170	0.432	0.503
k__Viruses|p__Negarnaviricota|c__Monjiviricetes|o__Mononegavirales|f__Paramyxoviridae|g__Henipavirus|s__Nipah_henipavirus__clade_1	0	5	2000	1674	1810	0.837	0.905
k__Viruses|p__Negarnaviricota|c__Monjiviricetes|o__Mononegavirales|f__Paramyxoviridae|g__Henipavirus|s__Nipah_henipavirus__clade_0	0	9	1843	1757	1802	0.953	0.978
k__Viruses|p__Negarnaviricota|c__Monjiviricetes|o__Mononegavirales|f__Rhabdoviridae|g__Ohlsrhavirus|s__Ohlsrhavirus_culex__clade_0	0	3	1291	1159	1207	0.898	0.935
k__Viruses|p__Negarnaviricota|c__Monjiviricetes|o__Mononegavirales|f__Rhabdoviridae|g__Lyssavirus|s__Lyssavirus_rabies__clade_4	0	6	2135	726	1217	0.34	0.57
k__Viruses|p__Negarnaviricota|c__Monjiviricetes|o__Mononegavirales|f__Rhabdoviridae|g__Lyssavirus|s__Lyssavirus_rabies__clade_7	0	3	1576	969	1078	0.615	0.684
k__Viruses|p__Negarnaviricota|c__Monjiviricetes|o__Mononegavirales|f__Rhabdoviridae|g__Lyssavirus|s__Lyssavirus_rabies__clade_8	0	3	1637	912	1136	0.557	0.694
k__Viruses|p__Negarnaviricota|c__Monjiviricetes|o__Mononegavirales|f__Rhabdoviridae|g__Lyssavirus|s__Lyssavirus_bokeloh__clade_0	0	3	1248	1204	1223	0.965	0.98
k__Viruses|p__Negarnaviricota|c__Monjiviricetes|o__Mononegavirales|f__Rhabdoviridae|g__Lyssavirus|s__Lyssavirus_rabies__clade_5	0	7	2175	714	1227	0.328	0.564
k__Viruses|p__Negarnaviricota|c__Monjiviricetes|o__Mononegavirales|f__Rhabdoviridae|g__Lyssavirus|s__Lyssavirus_hamburg	0	9	2121	797	1200	0.376	0.566
k__Viruses|p__Negarnaviricota|c__Monjiviricetes|o__Mononegavirales|f__Rhabdoviridae|g__Lyssavirus|s__Lyssavirus_rabies__clade_0	0	17	1582	987	1220	0.624	0.771
k__Viruses|p__Negarnaviricota|c__Monjiviricetes|o__Mononegavirales|f__Rhabdoviridae|g__Lyssavirus|s__Lyssavirus_rabies__clade_1	0	8	1632	1047	1263	0.642	0.774
k__Viruses|p__Negarnaviricota|c__Monjiviricetes|o__Mononegavirales|f__Pneumoviridae|g__Orthopneumovirus|s__Murine_orthopneumovirus	0	3	2026	1039	1491	0.513	0.736
k__Viruses|p__Negarnaviricota|c__Monjiviricetes|o__Mononegavirales|f__Pneumoviridae|g__Orthopneumovirus|s__Human_orthopneumovirus	0	70	3624	1116	1558	0.308	0.43
k__Viruses|p__Negarnaviricota|c__Monjiviricetes|o__Mononegavirales|f__Bornaviridae|g__Orthobornavirus|s__Orthobornavirus_bornaense__clade_1	0	4	1263	579	924	0.458	0.732
k__Viruses|p__Negarnaviricota|c__Monjiviricetes|o__Mononegavirales|f__Bornaviridae|g__Orthobornavirus|s__Orthobornavirus_sciuri	0	13	974	877	906	0.9	0.93
k__Viruses|p__Negarnaviricota|c__Monjiviricetes|o__Mononegavirales|f__Xinmoviridae|g__Doupovirus|s__Doupovirus_australiaense	0	6	1521	1319	1366	0.867	0.898
k__Viruses|p__Negarnaviricota|c__Insthoviricetes|o__Articulavirales|f__Orthomyxoviridae|g__Alphainfluenzavirus|s__Influenza_A_virus__clade_6	0	124	2443	1175	1342	0.481	0.549
k__Viruses|p__Saleviricota|c__Huolimaviricetes|o__Haloruvirales|f__Pleolipoviridae|g__Betapleolipovirus|s__Betapleolipovirus_HRPV10	0	3	1607	598	724	0.372	0.451
k__Viruses|p__Cossaviricota|c__Papovaviricetes|o__Sepolyvirales|f__Polyomaviridae|g__Betapolyomavirus|s__Betapolyomavirus_secuhominis	0	6	744	476	592	0.64	0.796
k__Viruses|p__Cossaviricota|c__Papovaviricetes|o__Sepolyvirales|f__Polyomaviridae|g__Betapolyomavirus|s__Betapolyomavirus_hominis	0	3	674	496	568	0.736	0.843
k__Viruses|p__Cossaviricota|c__Quintoviricetes|o__Piccovirales|f__Parvoviridae|g__Tetraparvovirus|s__Ungulate_tetraparvovirus_3	0	3	903	327	411	0.362	0.455
k__Viruses|p__Hofneiviricota|c__Faserviricetes|o__Tubulavirales|f__Inoviridae|g__Restivirus|s__Restivirus_RSS1	0	5	1061	486	668	0.458	0.63
k__Viruses|p__Hofneiviricota|c__Faserviricetes|o__Tubulavirales|f__Inoviridae|g__Affertcholeramvirus|s__Affertcholeramvirus_CTXphi	0	11	1238	510	880	0.412	0.711
k__Viruses|p__Hofneiviricota|c__Faserviricetes|o__Tubulavirales|f__Inoviridae|g__Habenivirus|s__Habenivirus_RSM3	0	3	1136	694	901	0.611	0.793
k__Viruses|p__Hofneiviricota|c__Faserviricetes|o__Tubulavirales|f__Inoviridae|g__Fibrovirus|s__Fibrovirus_fs1	0	6	1399	473	692	0.338	0.495
k__Viruses|p__Hofneiviricota|c__Faserviricetes|o__Tubulavirales|f__Inoviridae|g__Inovirus|s__Inovirus_M13	0	14	1030	474	706	0.46	0.685
k__Viruses|p__Phixviricota|c__Malgrandaviricetes|o__Petitvirales|f__Microviridae|g__Chlamydiamicrovirus|s__Chlamydiamicrovirus_Chp2	0	5	837	316	387	0.378	0.462
k__Viruses|p__Phixviricota|c__Malgrandaviricetes|o__Petitvirales|f__Microviridae|g__Sinsheimervirus|s__Sinsheimervirus_phiX174	0	155	1993	355	590	0.178	0.296
k__Viruses|p__Phixviricota|c__Malgrandaviricetes|o__Petitvirales|f__Microviridae|g__Alphatrevirus|s__Alphatrevirus_ID32	0	4	1110	381	638	0.343	0.575
k__Viruses|p__Phixviricota|c__Malgrandaviricetes|o__Petitvirales|f__Microviridae|g__Gequatrovirus|s__Gequatrovirus_talmos	0	4	875	363	588	0.415	0.672
k__Viruses|p__Phixviricota|c__Malgrandaviricetes|o__Petitvirales|f__Microviridae|g__Gequatrovirus|s__Gequatrovirus_G4__clade_0	0	359	1352	380	609	0.281	0.45
k__Viruses|p__Phixviricota|c__Malgrandaviricetes|o__Petitvirales|f__Microviridae|g__Gequatrovirus|s__Gequatrovirus_G4__clade_1	0	3	707	486	527	0.687	0.745
k__Viruses|p__Lenarviricota|c__Leviviricetes|o__Norzivirales|f__Fiersviridae|g__Qubevirus|s__Qubevirus_durum	0	12	400	389	396	0.973	0.99
k__Viruses|p__Lenarviricota|c__Leviviricetes|o__Norzivirales|f__Fiersviridae|g__Qubevirus|s__Qubevirus_faecium__clade_0	0	4	526	379	419	0.721	0.797
k__Viruses|p__Lenarviricota|c__Leviviricetes|o__Norzivirales|f__Fiersviridae|g__Emesvirus|s__Emesvirus_zinderi__clade_0	0	7	517	247	349	0.478	0.675
k__Viruses|p__Lenarviricota|c__Leviviricetes|o__Norzivirales|f__Fiersviridae|g__Emesvirus|s__Emesvirus_zinderi__clade_3	0	3	562	222	234	0.395	0.416
k__Viruses|p__Kitrinoviricota|c__Flasuviricetes|o__Amarillovirales|f__Flaviviridae|g__Flavivirus|s__Zika_virus__clade_1	0	4	1234	1087	1110	0.881	0.9
k__Viruses|p__Kitrinoviricota|c__Flasuviricetes|o__Amarillovirales|f__Flaviviridae|g__Pestivirus|s__Pestivirus_C__clade_2	0	7	1318	1300	1308	0.986	0.992
k__Viruses|p__Kitrinoviricota|c__Flasuviricetes|o__Amarillovirales|f__Flaviviridae|g__Pestivirus|s__Pestivirus_C__clade_1	0	19	1921	887	1304	0.462	0.679
k__Viruses|p__Kitrinoviricota|c__Flasuviricetes|o__Amarillovirales|f__Flaviviridae|g__Hepacivirus|s__Hepacivirus_C__clade_11	0	3	1538	619	665	0.402	0.432
k__Viruses|p__Kitrinoviricota|c__Flasuviricetes|o__Amarillovirales|f__Flaviviridae|g__Hepacivirus|s__Hepacivirus_C__clade_0	0	4	1578	603	953	0.382	0.604
k__Viruses|p__Kitrinoviricota|c__Flasuviricetes|o__Amarillovirales|f__Flaviviridae|g__Hepacivirus|s__Hepacivirus_C__clade_146	0	3	1198	760	851	0.634	0.71
k__Viruses|p__Kitrinoviricota|c__Flasuviricetes|o__Amarillovirales|f__Flaviviridae|g__Pegivirus|s__Pegivirus_H	0	3	1628	586	656	0.36	0.403
k__Viruses|p__Kitrinoviricota|c__Tolucaviricetes|o__Tolivirales|f__Tombusviridae|g__Tombusvirus|s__Eggplant_mottled_crinkle_virus	0	4	700	350	460	0.5	0.657
k__Viruses|p__Kitrinoviricota|c__Magsaviricetes|o__Nodamuvirales|f__Nodaviridae|g__Betanodavirus|s__Redspotted_grouper_nervous_necrosis_virus	0	3	575	367	395	0.638	0.687
k__Viruses|p__Kitrinoviricota|c__Magsaviricetes|o__Nodamuvirales|f__Nodaviridae|g__Betanodavirus|s__Barfin_flounder_nervous_necrosis_virus	0	3	513	393	454	0.766	0.885
k__Viruses|p__Kitrinoviricota|c__Magsaviricetes|o__Nodamuvirales|f__Nodaviridae|g__Alphanodavirus|s__Flock_House_virus	0	3	733	277	353	0.378	0.482
k__Viruses|p__Kitrinoviricota|c__Alsuviricetes|o__Martellivirales|f__Bromoviridae|g__Cucumovirus|s__Cucumber_mosaic_virus__clade_17	0	3	1339	489	544	0.365	0.406
k__Viruses|p__Kitrinoviricota|c__Alsuviricetes|o__Martellivirales|f__Bromoviridae|g__Cucumovirus|s__Cucumber_mosaic_virus__clade_0	0	67	3293	446	847	0.135	0.257
k__Viruses|p__Kitrinoviricota|c__Alsuviricetes|o__Martellivirales|f__Bromoviridae|g__Cucumovirus|s__Cucumber_mosaic_virus__clade_14	0	3	1415	522	621	0.369	0.439
k__Viruses|p__Kitrinoviricota|c__Alsuviricetes|o__Martellivirales|f__Bromoviridae|g__Cucumovirus|s__Cucumber_mosaic_virus__clade_1	0	9	1257	690	819	0.549	0.652
k__Viruses|p__Kitrinoviricota|c__Alsuviricetes|o__Martellivirales|f__Bromoviridae|g__Cucumovirus|s__Cucumber_mosaic_virus__clade_6	0	43	2205	411	850	0.186	0.385
k__Viruses|p__Kitrinoviricota|c__Alsuviricetes|o__Martellivirales|f__Bromoviridae|g__Cucumovirus|s__Cucumber_mosaic_virus__clade_2	0	5	1546	497	819	0.321	0.53
k__Viruses|p__Kitrinoviricota|c__Alsuviricetes|o__Martellivirales|f__Togaviridae|g__Alphavirus|s__Getah_virus	0	3	1545	978	1059	0.633	0.685
k__Viruses|p__Kitrinoviricota|c__Alsuviricetes|o__Martellivirales|f__Togaviridae|g__Alphavirus|s__Onyong_nyong_virus	0	3	1708	906	1045	0.53	0.612
k__Viruses|p__Kitrinoviricota|c__Alsuviricetes|o__Martellivirales|f__Togaviridae|g__Alphavirus|s__Venezuelan_equine_encephalitis_virus__clade_0	0	4	1949	718	1187	0.368	0.609
k__Viruses|p__Peploviricota|c__Herviviricetes|o__Herpesvirales|f__Herpesviridae|g__Lymphocryptovirus|s__Human_gammaherpesvirus_4	0	609	38299	3634	12677	0.095	0.331
k__Viruses|p__Peploviricota|c__Herviviricetes|o__Herpesvirales|f__Herpesviridae|g__Rhadinovirus|s__Cricetid_gammaherpesvirus_2	0	3	18133	3988	4990	0.22	0.275
k__Viruses|p__Peploviricota|c__Herviviricetes|o__Herpesvirales|f__Herpesviridae|g__Rhadinovirus|s__Macacine_gammaherpesvirus_5	0	9	19245	5098	10718	0.265	0.557
k__Viruses|p__Peploviricota|c__Herviviricetes|o__Herpesvirales|f__Herpesviridae|g__Varicellovirus|s__Felid_alphaherpesvirus_1	0	55	11296	10711	10886	0.948	0.964
k__Viruses|p__Peploviricota|c__Herviviricetes|o__Herpesvirales|f__Herpesviridae|g__Varicellovirus|s__Equid_alphaherpesvirus_1	0	49	24425	5154	12014	0.211	0.492
k__Viruses|p__Peploviricota|c__Herviviricetes|o__Herpesvirales|f__Herpesviridae|g__Varicellovirus|s__Human_alphaherpesvirus_3	0	19	10677	10024	10164	0.939	0.952
k__Viruses|p__Peploviricota|c__Herviviricetes|o__Herpesvirales|f__Herpesviridae|g__Varicellovirus|s__Canid_alphaherpesvirus_1	0	11	8106	7697	7893	0.95	0.974
k__Viruses|p__Peploviricota|c__Herviviricetes|o__Herpesvirales|f__Herpesviridae|g__Varicellovirus|s__Bovine_alphaherpesvirus_1	0	59	17540	3772	8841	0.215	0.504
k__Viruses|p__Peploviricota|c__Herviviricetes|o__Herpesvirales|f__Herpesviridae|g__Varicellovirus|s__Suid_alphaherpesvirus_1	0	82	26528	3490	9120	0.132	0.344
k__Viruses|p__Peploviricota|c__Herviviricetes|o__Herpesvirales|f__Herpesviridae|g__Cytomegalovirus|s__Human_betaherpesvirus_5	0	975	60497	3850	20603	0.064	0.341
k__Viruses|p__Peploviricota|c__Herviviricetes|o__Herpesvirales|f__Herpesviridae|g__Macavirus|s__Alcelaphine_gammaherpesvirus_1	0	6	16195	4753	10081	0.293	0.622
k__Viruses|p__Peploviricota|c__Herviviricetes|o__Herpesvirales|f__Herpesviridae|g__Simplexvirus|s__Human_alphaherpesvirus_1	0	123	27172	4733	10829	0.174	0.399
k__Viruses|p__Nucleocytoviricota|c__Megaviricetes|o__Pimascovirales|f__Iridoviridae|g__Ranavirus	3	126	29909	2371	10895	0.079	0.364
k__Viruses|p__Cressdnaviricota|c__Repensiviricetes|o__Geplafuvirales|f__Genomoviridae|g__Gemycircularvirus	6	24	1630	1	258	0.001	0.158
k__Viruses|p__Cressdnaviricota|c__Repensiviricetes|o__Geplafuvirales|f__Genomoviridae|g__Gemykibivirus	3	15	934	1	241	0.001	0.258
k__Viruses|p__Cressdnaviricota|c__Repensiviricetes|o__Geplafuvirales|f__Geminiviridae|g__Begomovirus	15	48	3607	12	290	0.003	0.08
k__Viruses|p__Cressdnaviricota|c__Arfiviricetes|o__Mulpavirales|f__Nanoviridae|g__Babuvirus	3	125	3257	213	631	0.065	0.194
k__Viruses|p__Cressdnaviricota|c__Arfiviricetes|o__Cremevirales|f__Smacoviridae|g__Porprismacovirus	4	14	1234	1	290	0.001	0.235
k__Viruses|p__Cressdnaviricota|c__Arfiviricetes|o__Cremevirales|f__Smacoviridae|g__Huchismacovirus	3	19	1058	10	256	0.009	0.242
k__Viruses|p__Cressdnaviricota|c__Arfiviricetes|o__Cirlivirales|f__Vilyaviridae|g__Glamdringvirus	3	10	883	2	378	0.002	0.428
k__Viruses|p__Cressdnaviricota|c__Arfiviricetes|o__Cirlivirales|f__Circoviridae|g__Circovirus	68	3531	12132	1	226	0.0	0.019
k__Viruses|p__Artverviricota|c__Revtraviricetes|o__Ortervirales|f__Retroviridae|g__Lentivirus	51	230	14689	73	986	0.005	0.067
k__Viruses|p__Artverviricota|c__Revtraviricetes|o__Blubervirales|f__Hepadnaviridae|g__Orthohepadnavirus	8	48	2415	16	344	0.007	0.142
k__Viruses|p__Duplornaviricota|c__Resentoviricetes|o__Reovirales|f__Spinareoviridae|g__Orthoreovirus	3	19	7059	281	2215	0.04	0.314
k__Viruses|p__Duplornaviricota|c__Resentoviricetes|o__Reovirales|f__Sedoreoviridae|g__Rotavirus	49	2319	20575	137	1796	0.007	0.087
k__Viruses|p__Duplornaviricota|c__Resentoviricetes|o__Reovirales|f__Sedoreoviridae|g__Orbivirus	28	337	19709	189	2015	0.01	0.102
k__Viruses|p__Preplasmiviricota|c__Tectiliviricetes|o__Rowavirales|f__Adenoviridae|g__Atadenovirus	3	26	7648	586	3305	0.077	0.432
k__Viruses|p__Preplasmiviricota|c__Tectiliviricetes|o__Rowavirales|f__Adenoviridae|g__Mastadenovirus	28	1669	37796	331	3689	0.009	0.098
k__Viruses|p__Preplasmiviricota|c__Tectiliviricetes|o__Rowavirales|f__Adenoviridae|g__Aviadenovirus	6	206	22947	584	4405	0.025	0.192
k__Viruses|p__Negarnaviricota|c__Ellioviricetes|o__Bunyavirales|f__Peribunyaviridae|g__Orthobunyavirus	3	17	4558	161	1256	0.035	0.276
k__Viruses|p__Negarnaviricota|c__Monjiviricetes|o__Mononegavirales|f__Rhabdoviridae|g__Lyssavirus	8	56	7380	101	1263	0.014	0.171
k__Viruses|p__Phixviricota|c__Malgrandaviricetes|o__Petitvirales|f__Microviridae|g__Gequatrovirus	3	366	2301	114	609	0.05	0.265
k__Viruses|p__Kitrinoviricota|c__Flasuviricetes|o__Amarillovirales|f__Flaviviridae|g__Hepacivirus	3	10	3849	96	953	0.025	0.248
k__Viruses|p__Kitrinoviricota|c__Alsuviricetes|o__Martellivirales|f__Bromoviridae|g__Cucumovirus	6	130	5542	101	850	0.018	0.153
k__Viruses|p__Kitrinoviricota|c__Alsuviricetes|o__Martellivirales|f__Togaviridae|g__Alphavirus	3	10	4709	75	1187	0.016	0.252
k__Viruses|p__Peploviricota|c__Herviviricetes|o__Herpesvirales|f__Herpesviridae|g__Varicellovirus	6	275	43039	708	12014	0.016	0.279
k__Viruses|p__Uroviricota|c__Caudoviricetes|o__Crassvirales|f__Suoliviridae	7	33	32700	2407	6148	0.074	0.188
k__Viruses|p__Nucleocytoviricota|c__Megaviricetes|o__Pimascovirales|f__Iridoviridae	3	165	37739	1269	10895	0.034	0.289
k__Viruses|p__Nucleocytoviricota|c__Pokkesviricetes|o__Chitovirales|f__Poxviridae	7	6012	55272	867	14430	0.016	0.261
k__Viruses|p__Cressdnaviricota|c__Repensiviricetes|o__Geplafuvirales|f__Genomoviridae	7	254	21528	1	258	0.0	0.012
k__Viruses|p__Cressdnaviricota|c__Repensiviricetes|o__Geplafuvirales|f__Geminiviridae	8	811	31581	1	531	0.0	0.017
k__Viruses|p__Cressdnaviricota|c__Arfiviricetes|o__Cremevirales|f__Smacoviridae	4	133	14337	1	290	0.0	0.02
k__Viruses|p__Artverviricota|c__Revtraviricetes|o__Ortervirales|f__Caulimoviridae	4	99	22066	1	364	0.0	0.016
k__Viruses|p__Artverviricota|c__Revtraviricetes|o__Ortervirales|f__Retroviridae	7	725	31272	2	1073	0.0	0.034
k__Viruses|p__Taleaviricota|c__Tokiviricetes|o__Ligamenvirales|f__Rudiviridae	3	10	9358	580	2082	0.062	0.222
k__Viruses|p__Duplornaviricota|c__Chrymotiviricetes|o__Ghabrivirales|f__Totiviridae	4	48	16552	1	220	0.0	0.013
k__Viruses|p__Duplornaviricota|c__Chrymotiviricetes|o__Ghabrivirales|f__Chrysoviridae	3	38	22961	26	731	0.001	0.032
k__Viruses|p__Duplornaviricota|c__Resentoviricetes|o__Reovirales|f__Spinareoviridae	6	84	34719	92	2239	0.003	0.064
k__Viruses|p__Duplornaviricota|c__Resentoviricetes|o__Reovirales|f__Sedoreoviridae	4	2927	35670	37	2015	0.001	0.056
k__Viruses|p__Preplasmiviricota|c__Tectiliviricetes|o__Rowavirales|f__Adenoviridae	4	1982	46108	2	4405	0.0	0.096
k__Viruses|p__Pisuviricota|c__Duplopiviricetes|o__Durnavirales|f__Partitiviridae	4	58	12585	1	444	0.0	0.035
k__Viruses|p__Pisuviricota|c__Duplopiviricetes|o__Durnavirales|f__Hypoviridae	4	34	22041	18	1153	0.001	0.052
k__Viruses|p__Pisuviricota|c__Pisoniviricetes|o__Picornavirales|f__Marnaviridae	4	16	10669	9	77	0.001	0.007
k__Viruses|p__Pisuviricota|c__Pisoniviricetes|o__Picornavirales|f__Picornaviridae	27	517	39420	4	848	0.0	0.022
k__Viruses|p__Pisuviricota|c__Pisoniviricetes|o__Picornavirales|f__Secoviridae	9	94	29940	5	1129	0.0	0.038
k__Viruses|p__Pisuviricota|c__Pisoniviricetes|o__Picornavirales|f__Dicistroviridae	3	18	11322	30	198	0.003	0.017
k__Viruses|p__Pisuviricota|c__Pisoniviricetes|o__Picornavirales|f__Caliciviridae	5	55	19999	14	752	0.001	0.038
k__Viruses|p__Pisuviricota|c__Pisoniviricetes|o__Sobelivirales|f__Solemoviridae	3	78	18463	1	634	0.0	0.034
k__Viruses|p__Pisuviricota|c__Pisoniviricetes|o__Nidovirales|f__Coronaviridae	4	209	32868	285	2955	0.009	0.09
k__Viruses|p__Pisuviricota|c__Stelpaviricetes|o__Patatavirales|f__Potyviridae	7	202	31295	35	994	0.001	0.032
k__Viruses|p__Negarnaviricota|c__Ellioviricetes|o__Bunyavirales|f__Peribunyaviridae	3	154	24890	65	1263	0.003	0.051
k__Viruses|p__Negarnaviricota|c__Ellioviricetes|o__Bunyavirales|f__Hantaviridae	3	37	16764	19	1273	0.001	0.076
k__Viruses|p__Negarnaviricota|c__Ellioviricetes|o__Bunyavirales|f__Phenuiviridae	10	360	29776	9	1178	0.0	0.04
k__Viruses|p__Negarnaviricota|c__Ellioviricetes|o__Bunyavirales|f__Arenaviridae	4	62	21394	41	1049	0.002	0.049
k__Viruses|p__Negarnaviricota|c__Monjiviricetes|o__Jingchuvirales|f__Chuviridae	4	27	16966	16	866	0.001	0.051
k__Viruses|p__Negarnaviricota|c__Monjiviricetes|o__Mononegavirales|f__Nyamiviridae	3	14	11144	28	123	0.003	0.011
k__Viruses|p__Negarnaviricota|c__Monjiviricetes|o__Mononegavirales|f__Paramyxoviridae	11	103	30142	78	1810	0.003	0.06
k__Viruses|p__Negarnaviricota|c__Monjiviricetes|o__Mononegavirales|f__Rhabdoviridae	25	295	36284	44	1406	0.001	0.039
k__Viruses|p__Negarnaviricota|c__Insthoviricetes|o__Articulavirales|f__Orthomyxoviridae	3	142	12821	67	1342	0.005	0.105
k__Viruses|p__Cossaviricota|c__Papovaviricetes|o__Zurhausenvirales|f__Papillomaviridae	22	408	37111	2	844	0.0	0.023
k__Viruses|p__Cossaviricota|c__Papovaviricetes|o__Sepolyvirales|f__Polyomaviridae	6	123	20688	8	592	0.0	0.029
k__Viruses|p__Cossaviricota|c__Quintoviricetes|o__Piccovirales|f__Parvoviridae	13	148	24017	1	624	0.0	0.026
k__Viruses|p__Hofneiviricota|c__Faserviricetes|o__Tubulavirales|f__Inoviridae	9	87	17503	4	901	0.0	0.051
k__Viruses|p__Phixviricota|c__Malgrandaviricetes|o__Petitvirales|f__Microviridae	5	681	27575	1	658	0.0	0.024
k__Viruses|p__Lenarviricota|c__Miaviricetes|o__Ourlivirales|f__Botourmiaviridae	9	134	20674	1	298	0.0	0.014
k__Viruses|p__Lenarviricota|c__Leviviricetes|o__Timlovirales|f__Steitzviridae	26	305	34044	1	90	0.0	0.003
k__Viruses|p__Lenarviricota|c__Howeltoviricetes|o__Cryppavirales|f__Mitoviridae	4	116	16598	1	268	0.0	0.016
k__Viruses|p__Kitrinoviricota|c__Flasuviricetes|o__Amarillovirales|f__Flaviviridae	4	372	40988	7	1308	0.0	0.032
k__Viruses|p__Kitrinoviricota|c__Tolucaviricetes|o__Tolivirales|f__Tombusviridae	12	84	18939	1	484	0.0	0.026
k__Viruses|p__Kitrinoviricota|c__Alsuviricetes|o__Hepelivirales|f__Hepeviridae	4	24	11028	14	372	0.001	0.034
k__Viruses|p__Kitrinoviricota|c__Alsuviricetes|o__Tymovirales|f__Tymoviridae	3	37	13847	14	86	0.001	0.006
k__Viruses|p__Kitrinoviricota|c__Alsuviricetes|o__Tymovirales|f__Betaflexiviridae	9	116	27477	13	198	0.0	0.007
k__Viruses|p__Kitrinoviricota|c__Alsuviricetes|o__Martellivirales|f__Bromoviridae	4	190	20312	14	850	0.001	0.042
k__Viruses|p__Kitrinoviricota|c__Alsuviricetes|o__Martellivirales|f__Closteroviridae	4	49	27110	92	389	0.003	0.014
k__Viruses|p__Kitrinoviricota|c__Alsuviricetes|o__Martellivirales|f__Virgaviridae	4	49	18757	16	184	0.001	0.01
k__Viruses|p__Peploviricota|c__Herviviricetes|o__Herpesvirales|f__Herpesviridae	7	2022	64655	671	20603	0.01	0.319
k__Viruses|p__Uroviricota|c__Caudoviricetes|o__Crassvirales	4	77	38733	1842	6493	0.048	0.168
k__Viruses|p__Duplornaviricota|c__Chrymotiviricetes|o__Ghabrivirales	4	96	30611	1	731	0.0	0.024
k__Viruses|p__Pisuviricota|c__Duplopiviricetes|o__Durnavirales	6	158	31598	1	1153	0.0	0.036
k__Viruses|p__Pisuviricota|c__Pisoniviricetes|o__Picornavirales	8	781	45098	1	1129	0.0	0.025
k__Viruses|p__Pisuviricota|c__Pisoniviricetes|o__Nidovirales	5	266	38682	2	2955	0.0	0.076
k__Viruses|p__Negarnaviricota|c__Ellioviricetes|o__Bunyavirales	9	764	39790	7	1868	0.0	0.047
k__Viruses|p__Negarnaviricota|c__Monjiviricetes|o__Mononegavirales	10	652	42430	1	1908	0.0	0.045
k__Viruses|p__Kitrinoviricota|c__Alsuviricetes|o__Hepelivirales	4	37	17414	10	1400	0.001	0.08
k__Viruses|p__Kitrinoviricota|c__Alsuviricetes|o__Tymovirales	5	232	35117	4	198	0.0	0.006
k__Viruses|p__Kitrinoviricota|c__Alsuviricetes|o__Martellivirales	7	395	39249	2	1212	0.0	0.031
k__Viruses|p__Duplornaviricota	3	3130	44240	1	2239	0.0	0.051
k__Viruses|p__Pisuviricota	3	1540	50364	1	2955	0.0	0.059
k__Viruses|p__Negarnaviricota	5	1629	46871	1	1908	0.0	0.041
k__Viruses|p__Lenarviricota	4	760	41360	1	419	0.0	0.01
k__Viruses|p__Kitrinoviricota	4	1153	49277	1	1400	0.0	0.028
